{
  "host": "ikaros",
  "drive_landed_d": 1.6612129211425781,
  "ntap": 12,
  "burst_ms": 0.004,
  "task_suite": {
    "RECALL_t2": {
      "chance": 0.5,
      "die_rank4": 0.8367346938775511,
      "die_full_linear": 0.9292517006802721,
      "u_window_rank": 1.0,
      "unbounded_nl_u": 1.0,
      "die_needed": false
    },
    "XOR_t1t2": {
      "chance": 0.5,
      "die_rank4": 0.6435374149659864,
      "die_full_linear": 0.8027210884353742,
      "u_window_rank": 0.5020408163265306,
      "unbounded_nl_u": 1.0,
      "die_needed": true
    },
    "XOR_t1t3": {
      "chance": 0.5,
      "die_rank4": 0.5891156462585034,
      "die_full_linear": 0.545578231292517,
      "u_window_rank": 0.5115646258503401,
      "unbounded_nl_u": 1.0,
      "die_needed": true
    },
    "XOR_t2t4": {
      "chance": 0.5,
      "die_rank4": 0.5197278911564626,
      "die_full_linear": 0.5346938775510204,
      "u_window_rank": 0.5020408163265306,
      "unbounded_nl_u": 1.0,
      "die_needed": false
    },
    "XOR_t2t8": {
      "chance": 0.5,
      "die_rank4": 0.5306122448979592,
      "die_full_linear": 0.49795918367346936,
      "u_window_rank": 0.5006802721088436,
      "unbounded_nl_u": 1.0,
      "die_needed": false
    },
    "PAR3_123": {
      "chance": 0.5,
      "die_rank4": 0.5972789115646259,
      "die_full_linear": 0.5197278911564626,
      "u_window_rank": 0.5142857142857142,
      "unbounded_nl_u": 0.5401360544217687,
      "die_needed": true
    }
  },
  "die_needed_on": [
    "XOR_t1t2",
    "XOR_t1t3",
    "PAR3_123"
  ],
  "verdict": "AMPLIFICATION WORKED \u2014 die needed"
}