{
  "host_running": "ikaros",
  "n_seeds": 30,
  "matrix": {
    "ikaros": {
      "learned_ikaros": {
        "rms_per_run": [
          6.453742504119873,
          6.429311275482178,
          6.464639663696289,
          6.479764938354492,
          6.453672409057617,
          6.473254680633545,
          6.438638687133789,
          6.468234539031982,
          6.473327159881592,
          6.438295364379883,
          6.482516765594482,
          6.462693691253662,
          6.4628825187683105,
          6.443923473358154,
          6.464788436889648,
          6.477673053741455,
          6.464519023895264,
          6.433860778808594,
          6.444497585296631,
          6.4534831047058105,
          6.430213451385498,
          6.432036399841309,
          6.452376365661621,
          6.426074981689453,
          6.464352607727051,
          6.488762855529785,
          6.468108177185059,
          6.4456706047058105,
          6.446887016296387,
          6.461492538452148
        ],
        "rms_mean": 6.4559898217519125,
        "rms_std": 0.016903375319314774,
        "energy_mean": 2.876397490642256e-10,
        "ci95": [
          6.449933997392654,
          6.462163499593735
        ]
      },
      "learned_daedalus": {
        "rms_per_run": [
          12.860246658325195,
          12.868061065673828,
          12.869775772094727,
          12.865479469299316,
          12.864599227905273,
          12.866194725036621,
          12.876426696777344,
          12.859145164489746,
          12.867505073547363,
          12.868022918701172,
          12.86164379119873,
          12.861058235168457,
          12.863667488098145,
          12.870697975158691,
          12.862579345703125,
          12.863142013549805,
          12.85797119140625,
          12.873360633850098,
          12.873161315917969,
          12.855403900146484,
          12.877945899963379,
          12.879189491271973,
          12.863004684448242,
          12.880536079406738,
          12.86342716217041,
          12.863990783691406,
          12.861448287963867,
          12.864771842956543,
          12.862884521484375,
          12.860033988952637
        ],
        "rms_mean": 12.866179180145263,
        "rms_std": 0.006332654019744579,
        "energy_mean": 143.07744851368386,
        "ci95": [
          12.863989380995433,
          12.868491913477579
        ]
      },
      "constant_pwm": {
        "rms_per_run": [
          89.50154876708984,
          89.48905181884766,
          89.51539611816406,
          89.52247619628906,
          89.51072692871094,
          89.5180435180664,
          89.50447845458984,
          89.50813293457031,
          89.51775360107422,
          89.49961853027344,
          89.51543426513672,
          89.51287078857422,
          89.50831604003906,
          89.49838256835938,
          89.51263427734375,
          89.51766967773438,
          89.5106430053711,
          89.48931884765625,
          89.5010757446289,
          89.49803161621094,
          89.48802947998047,
          89.48310089111328,
          89.49931335449219,
          89.49359130859375,
          89.51852416992188,
          89.5213394165039,
          89.51025390625,
          89.49945068359375,
          89.50341796875,
          89.50143432617188
        ],
        "rms_mean": 89.50566864013672,
        "rms_std": 0.010504992907684424,
        "energy_mean": 16384.0,
        "ci95": [
          89.50171014785766,
          89.50952061971029
        ]
      },
      "pid_default": {
        "rms_per_run": [
          7.336228370666504,
          7.434184551239014,
          7.384931564331055,
          7.291076183319092,
          7.362667560577393,
          7.319697380065918,
          7.456412315368652,
          7.277472019195557,
          7.344374656677246,
          7.420573711395264,
          7.238080978393555,
          7.309367656707764,
          7.337182521820068,
          7.422492980957031,
          7.3231353759765625,
          7.260342597961426,
          7.2755632400512695,
          7.451548099517822,
          7.4365997314453125,
          7.290458679199219,
          7.472929000854492,
          7.476901531219482,
          7.365755081176758,
          7.492744445800781,
          7.329339504241943,
          7.225098609924316,
          7.28971004486084,
          7.387513160705566,
          7.382415294647217,
          7.30383825302124
        ],
        "rms_mean": 7.356621170043946,
        "rms_std": 0.07408855407106939,
        "energy_mean": 80.9446972532139,
        "ci95": [
          7.3297759890556335,
          7.382710958719254
        ]
      }
    },
    "daedalus": {
      "learned_ikaros": {
        "rms_per_run": [
          28.833921432495117,
          28.852815628051758,
          28.822755813598633,
          28.81113052368164,
          28.82648468017578,
          28.81600570678711,
          28.838247299194336,
          28.824434280395508,
          28.81802749633789,
          28.841005325317383,
          28.81464195251465,
          28.821203231811523,
          28.82645606994629,
          28.842510223388672,
          28.821365356445312,
          28.81353759765625,
          28.82131576538086,
          28.853347778320312,
          28.8408203125,
          28.834720611572266,
          28.856719970703125,
          28.861928939819336,
          28.83805274963379,
          28.851266860961914,
          28.816452026367188,
          28.80754280090332,
          28.822750091552734,
          28.838977813720703,
          28.833391189575195,
          28.832605361938477
        ],
        "rms_mean": 28.83114782969157,
        "rms_std": 0.014322754669949716,
        "energy_mean": 1.996617057218684e-06,
        "ci95": [
          28.825996742248535,
          28.83653211116791
        ]
      },
      "learned_daedalus": {
        "rms_per_run": [
          0.42155686020851135,
          0.42601022124290466,
          0.4253270924091339,
          0.41621115803718567,
          0.42565158009529114,
          0.4150821566581726,
          0.43030667304992676,
          0.41404563188552856,
          0.41842156648635864,
          0.4293016195297241,
          0.4196241796016693,
          0.4183776378631592,
          0.421798437833786,
          0.4261573255062103,
          0.41665545105934143,
          0.41745269298553467,
          0.41608086228370667,
          0.4263041913509369,
          0.4278120696544647,
          0.4152248799800873,
          0.429543137550354,
          0.4285101592540741,
          0.42091819643974304,
          0.42903581261634827,
          0.42059653997421265,
          0.41591107845306396,
          0.4172680675983429,
          0.425197958946228,
          0.42539912462234497,
          0.41792032122612
        ],
        "rms_mean": 0.42192342281341555,
        "rms_std": 0.0051272355396225185,
        "energy_mean": 517.9498256771154,
        "ci95": [
          0.42005785763263703,
          0.42369601532816886
        ]
      },