{
  "D": {
    "task": "D_syscall_latency",
    "fields": {
      "nanosleep0": {
        "ika_summary": {
          "n": 100000,
          "mean_ns": 52794.59436,
          "std_ns": 8865.93298536348,
          "p50": 54242.0,
          "p90": 54723.0,
          "p99": 57407.10999999994,
          "p99_9": 77826.02000000008,
          "p99_99": 92824.03899999618,
          "min": 5581,
          "max": 1087810
        },
        "dae_summary": {
          "n": 100000,
          "mean_ns": 51944.67205,
          "std_ns": 5660.875727293331,
          "p50": 53310.0,
          "p90": 53510.0,
          "p99": 53611.0,
          "p99_9": 53741.0,
          "p99_99": 63709.10019999018,
          "min": 10380,
          "max": 324659
        },
        "intra_ikaros_KS_D": 0.0122,
        "intra_ikaros_p": 0.8508219458664311,
        "intra_daedalus_KS_D": 0.0152,
        "intra_daedalus_p": 0.610409786050154,
        "inter_KS_D": 0.7224,
        "inter_p": 0.0,
        "inter_intra_D_ratio": 47.526315789473685,
        "pre_reg_pass": true
      },
      "sched_yield": {
        "ika_summary": {
          "n": 100000,
          "mean_ns": 1054.46337,
          "std_ns": 149.176379022428,
          "p50": 1051.0,
          "p90": 1072.0,
          "p99": 1412.0099999999948,
          "p99_9": 2985.0,
          "p99_99": 4869.001999999804,
          "min": 991,
          "max": 30387
        },
        "dae_summary": {
          "n": 100000,
          "mean_ns": 768.29544,
          "std_ns": 626.770122656789,
          "p50": 761.0,
          "p90": 781.0,
          "p99": 792.0,
          "p99_9": 1553.0,
          "p99_99": 2174.006999999314,
          "min": 721,
          "max": 195586
        },
        "intra_ikaros_KS_D": 0.0222,
        "intra_ikaros_p": 0.17005669975862542,
        "intra_daedalus_KS_D": 0.0066,
        "intra_daedalus_p": 0.9999090682618054,
        "inter_KS_D": 0.9931,
        "inter_p": 0.0,
        "inter_intra_D_ratio": 44.73423423423423,
        "pre_reg_pass": true
      },
      "getpid": {
        "ika_summary": {
          "n": 100000,
          "mean_ns": 724.63171,
          "std_ns": 116.3539466991812,
          "p50": 671.0,
          "p90": 912.0,
          "p99": 952.0,
          "p99_9": 1412.0010000000038,
          "p99_99": 3537.0169999983336,
          "min": 611,
          "max": 4999
        },
        "dae_summary": {
          "n": 100000,
          "mean_ns": 658.81453,
          "std_ns": 38.55634929397621,
          "p50": 661.0,
          "p90": 671.0,
          "p99": 682.0,
          "p99_9": 1062.0,
          "p99_99": 2034.003999999608,
          "min": 611,
          "max": 2776
        },
        "intra_ikaros_KS_D": 0.0232,
        "intra_ikaros_p": 0.13556067590791931,
        "intra_daedalus_KS_D": 0.0136,
        "intra_daedalus_p": 0.7442740260220542,
        "inter_KS_D": 0.3594,
        "inter_p": 0.0,
        "inter_intra_D_ratio": 15.49137931034483,
        "pre_reg_pass": true
      }
    }
  },
  "E": {
    "task": "E_rdrand",
    "fields": {
      "rdrand_cycles": {
        "ika_summary": {
          "n": 1000000,
          "mean_cyc": 140.85171,
          "std_cyc": 211.85502281059064,
          "p50": 150.0,
          "p90": 150.0,
          "p99": 270.0,
          "p99_9": 300.0,
          "p99_99": 1020.0,
          "min": 120,
          "max": 131040
        },
        "dae_summary": {
          "n": 1000000,
          "mean_cyc": 98.3067,
          "std_cyc": 60.25186084354574,
          "p50": 90.0,
          "p90": 120.0,
          "p99": 120.0,
          "p99_9": 120.0,
          "p99_99": 900.0,
          "min": 90,
          "max": 19590
        },
        "intra_ikaros_KS_D": 0.003280000000000005,
        "intra_ikaros_p": 0.9499591129886273,
        "intra_daedalus_KS_D": 0.0015800000000000258,
        "intra_daedalus_p": 0.9999999693864082,
        "inter_KS_D": 0.73953,
        "inter_p": 0.0,
        "inter_intra_D_ratio": 225.4664634146338,
        "pre_reg_pass": true
      }
    }
  },
  "F": {
    "task": "F_nvme",
    "fields": {
      "nvme_latency_ns": {
        "ika_summary": {
          "n": 100000,
          "mean_ns": 49049.68596,
          "std_ns": 26321.839753686265,
          "p50": 48662.0,
          "p90": 49403.0,
          "p99": 54422.0,
          "p99_9": 87504.03000000012,
          "p99_99": 391665.3997999608,
          "min": 42389,
          "max": 7030668
        },
        "dae_summary": {
          "n": 100000,
          "mean_ns": 53714.69857,
          "std_ns": 2932.2365773228385,
          "p50": 53631.0,
          "p90": 54772.0,
          "p99": 56315.0,
          "p99_9": 69420.3910000015,
          "p99_99": 188293.69029993232,
          "min": 24075,
          "max": 264225
        },
        "intra_ikaros_KS_D": 0.0192,
        "intra_ikaros_p": 0.3153878109541569,
        "intra_daedalus_KS_D": 0.0158,
        "intra_daedalus_p": 0.5605413681859366,
        "inter_KS_D": 0.9722,
        "inter_p": 0.0,
        "inter_intra_D_ratio": 50.63541666666667,
        "pre_reg_pass": true
      }
    }
  }
}