{
  "A": {
    "task": "A",
    "feasible": true,
    "sub": {
      "rdrand": {
        "intra_ikaros": {
          "KS_D": 0.5,
          "KS_p": 0.0,
          "n1": 100000,
          "n2": 1000000,
          "label": "ika_now_vs_phase12",
          "s1_p50": 120.0,
          "s2_p50": 150.0,
          "s1_p99_9": 120.0,
          "s2_p99_9": 300.0
        },
        "intra_daedalus": {
          "KS_D": 0.4,
          "KS_p": 0.0,
          "n1": 100000,
          "n2": 1000000,
          "label": "dae_now_vs_phase12",
          "s1_p50": 120.0,
          "s2_p50": 90.0,
          "s1_p99_9": 120.0,
          "s2_p99_9": 120.0
        },
        "inter_12B": {
          "KS_D": 0.0001862315092594491,
          "KS_p": 1.0,
          "n1": 100000,
          "n2": 100000,
          "label": "inter_12B",
          "s1_p50": 120.0,
          "s2_p50": 120.0,
          "s1_p99_9": 120.0,
          "s2_p99_9": 120.0
        },
        "persists": false,
        "same_chassi_stable": false
      },
      "nanosleep": {
        "intra_ikaros": {
          "KS_D": 0.4106494048861975,
          "KS_p": 0.0,
          "n1": 50000,
          "n2": 100000,
          "label": "ika_now_vs_phase12",
          "s1_p50": 53872.0,
          "s2_p50": 54242.0,
          "s1_p99_9": 68128.0,
          "s2_p99_9": 77826.02000000008
        },
        "intra_daedalus": {
          "KS_D": 0.5013714016045304,
          "KS_p": 0.0,
          "n1": 50000,
          "n2": 100000,
          "label": "dae_now_vs_phase12",
          "s1_p50": 53942.0,
          "s2_p50": 53310.0,
          "s1_p99_9": 54342.001000000004,
          "s2_p99_9": 53741.0
        },
        "inter_12B": {
          "KS_D": 0.09780564263322888,
          "KS_p": 1.8279007485807811e-208,
          "n1": 50000,
          "n2": 50000,
          "label": "inter_12B",
          "s1_p50": 53872.0,
          "s2_p50": 53942.0,
          "s1_p99_9": 68128.0,
          "s2_p99_9": 54342.001000000004
        },
        "persists": false,
        "same_chassi_stable": false
      }
    }
  },
  "B": {
    "task": "B",
    "feasible": true,
    "pairs": {
      "1": {
        "KS_D": 0.9117850127968573,
        "KS_p": 0.0,
        "n1": 5000,
        "n2": 5000,
        "label": "inter_core_0_1",
        "s1_p50": 7080.0,
        "s2_p50": 9120.0,
        "s1_p99_9": 16770.180000000037,
        "s2_p99_9": 18180.09000000002
      },
      "2": {
        "KS_D": 0.9101171458998935,
        "KS_p": 0.0,
        "n1": 5000,
        "n2": 5000,
        "label": "inter_core_0_2",
        "s1_p50": 6300.0,
        "s2_p50": 7380.0,
        "s1_p99_9": 16772.280000000464,
        "s2_p99_9": 25952.9400000006
      },
      "4": {
        "KS_D": 0.9146103896103895,
        "KS_p": 0.0,
        "n1": 5000,
        "n2": 5000,
        "label": "inter_core_0_4",
        "s1_p50": 6420.0,
        "s2_p50": 7470.0,
        "s1_p99_9": 61807.77000000158,
        "s2_p99_9": 26945.16000000105
      },
      "7": {
        "KS_D": 0.9130901157505605,
        "KS_p": 0.0,
        "n1": 5000,
        "n2": 5000,
        "label": "inter_core_0_7",
        "s1_p50": 6420.0,
        "s2_p50": 7590.0,
        "s1_p99_9": 17850.93000000019,
        "s2_p99_9": 27330.54000000011
      },
      "8": {
        "KS_D": 0.906693060831416,
        "KS_p": 0.0,
        "n1": 5000,
        "n2": 5000,
        "label": "inter_core_0_8",
        "s1_p50": 6540.0,
        "s2_p50": 7530.0,
        "s1_p99_9": 17250.69000000014,
        "s2_p99_9": 24421.17000000024
      },
      "12": {
        "KS_D": 0.9069937315443195,
        "KS_p": 0.0,
        "n1": 5000,
        "n2": 5000,
        "label": "inter_core_0_12",
        "s1_p50": 6570.0,
        "s2_p50": 7560.0,
        "s1_p99_9": 17250.660000000134,
        "s2_p99_9": 21636.24000000127
      },
      "15": {
        "KS_D": 0.910311962918598,
        "KS_p": 0.0,
        "n1": 5000,
        "n2": 5000,
        "label": "inter_core_0_15",
        "s1_p50": 6540.0,
        "s2_p50": 7710.0,
        "s1_p99_9": 18180.9900000002,
        "s2_p99_9": 42092.79000000057
      }
    },
    "pre_reg_pass": true
  },
  "C": {
    "task": "C",
    "feasible": true,
    "aesenc": {
      "KS_D": 9.638188300542527e-05,
      "KS_p": 1.0,
      "n1": 200000,
      "n2": 200000,
      "label": "aesenc_inter",
      "s1_p50": 30.0,
      "s2_p50": 30.0,
      "s1_p99_9": 90.0,
      "s2_p99_9": 90.0
    },
    "pre_reg_pass": false
  },
  "D": {
    "task": "D",
    "feasible": true,
    "pairs": {
      "0_1": {
        "ika_thp": 117048845.0,
        "dae_thp": 112133035.0,
        "rel_diff": 0.041997936844229436
      },
      "0_2": {
        "ika_thp": 111934653.33333334,
        "dae_thp": 112150958.33333334,
        "rel_diff": 0.0019286950661366764
      },
      "0_4": {
        "ika_thp": 111172045.0,
        "dae_thp": 111816720.0,
        "rel_diff": 0.005765461551725001
      },
      "0_7": {
        "ika_thp": 106900981.66666667,
        "dae_thp": 108354376.66666667,
        "rel_diff": 0.013413348354825721
      },
      "0_8": {
        "ika_thp": 108721333.33333334,
        "dae_thp": 108884806.66666667,
        "rel_diff": 0.0015013419992908257
      },
      "0_15": {
        "ika_thp": 90978400.0,
        "dae_thp": 91926495.0,
        "rel_diff": 0.010313620681393324
      },
      "0_16": {
        "ika_thp": 171053036.6666667,
        "dae_thp": 164954128.33333334,
        "rel_diff": 0.03565507197173218
      }
    },
    "max_rel_diff": 0.041997936844229436,
    "pre_reg_pass": false
  },
  "E": {
    "task": "E",
    "feasible": true,
    "pairs": {
      "0_1": {
        "KS_D": 0.11428571428571432,
        "KS_p": 3.7821369496095115e-114,
        "n1": 20000,
        "n2": 20000,
        "label": "pingpong_0_1",
        "s1_p50": 240.0,
        "s2_p50": 240.0,
        "s1_p99_9": 720.0,
        "s2_p99_9": 690.0300000000061
      },
      "0_15": {
        "KS_D": 0.4,
        "KS_p": 0.0,
        "n1": 20000,
        "n2": 20000,
        "label": "pingpong_0_15",
        "s1_p50": 330.0,
        "s2_p50": 300.0,
        "s1_p99_9": 780.0,
        "s2_p99_9": 1350.0
      },
      "0_16": {
        "KS_D": 0.356043956043949,
        "KS_p": 0.0,
        "n1": 20000,
        "n2": 20000,
        "label": "pingpong_0_16",
        "s1_p50": 630.0,
        "s2_p50": 630.0,
        "s1_p99_9": 1500.0,
        "s2_p99_9": 2010.0
      },
      "0_2": {
        "KS_D": 0.4,
        "KS_p": 0.0,
        "n1": 20000,
        "n2": 20000,
        "label": "pingpong_0_2",
        "s1_p50": 300.0,
        "s2_p50": 330.0,
        "s1_p99_9": 1680.0,
        "s2_p99_9": 630.0
      },
      "0_4": {
        "KS_D": 0.13333333333333341,
        "KS_p": 3.243341267531319e-155,
        "n1": 20000,
        "n2": 20000,
        "label": "pingpong_0_4",
        "s1_p50": 330.0,
        "s2_p50": 360.0,
        "s1_p99_9": 810.0300000000061,
        "s2_p99_9": 660.0300000000061
      },
      "0_7": {
        "KS_D": 0.5,
        "KS_p": 0.0,
        "n1": 20000,
        "n2": 20000,
        "label": "pingpong_0_7",
        "s1_p50": 270.0,
        "s2_p50": 330.0,
        "s1_p99_9": 690.0,
        "s2_p99_9": 600.0
      },
      "0_8": {
        "KS_D": 0.16666666666666666,
        "KS_p": 2.764372983330042e-242,
        "n1": 20000,
        "n2": 20000,
        "label": "pingpong_0_8",
        "s1_p50": 330.0,
        "s2_p50": 330.0,
        "s1_p99_9": 600.0,
        "s2_p99_9": 840.0
      }
    },
    "frobenius_p50_diff": 79.37253933193772,
    "pre_reg_pass": true
  },
  "F": {
    "task": "F",
    "feasible_ika": false,
    "feasible_dae": false,
    "pre_reg_pass": null,
    "reason": "TPM requires root; not run"
  },
  "G": {
    "task": "G",
    "feasible": true,
    "walk": {
      "KS_D": 0.01904761904761909,
      "KS_p": 5.802395067573232e-32,
      "n1": 200000,
      "n2": 200000,
      "label": "walk",
      "s1_p50": 210.0,
      "s2_p50": 210.0,