{
  "n_curves": 33,
  "n_evaluated": 25,
  "n_skipped": 8,
  "median_log_rmse": 2.025633319969513,
  "p90_log_rmse": 5.027446256149432,
  "elapsed_s": 39.152913093566895,
  "vs_z91f_run1_median": 4.234,
  "vs_z91f_run2_median": 2.402,
  "note": "true two-model validation (M1 = 130DNWFB, M2 = 130bulkNSRAM) with Sebastian's per-bias CSV overrides"
}