{
  "results": {
    "RAND_GAUSS_N100_s42": {
      "topo": "RAND_GAUSS",
      "N": 100,
      "seed": 42,
      "MC": 0.9639284053046624,
      "NARMA_NRMSE": 1.2173836147384909,
      "XOR_acc": 0.5277777777777778,
      "WAVE_acc": 0.46111111111111114,
      "wall_s": 89.86042547225952
    },
    "RAND_GAUSS_N100_s43": {
      "topo": "RAND_GAUSS",
      "N": 100,
      "seed": 43,
      "MC": NaN,
      "NARMA_NRMSE": NaN,
      "XOR_acc": NaN,
      "WAVE_acc": NaN,
      "wall_s": 45.08820867538452
    },
    "RAND_GAUSS_N100_s44": {
      "topo": "RAND_GAUSS",
      "N": 100,
      "seed": 44,
      "MC": 1.8817835710105124,
      "NARMA_NRMSE": 0.9345076508111726,
      "XOR_acc": 0.7666666666666667,
      "WAVE_acc": 0.49444444444444446,
      "wall_s": 90.54875016212463
    },
    "RAND_GAUSS_N300_s42": {
      "topo": "RAND_GAUSS",
      "N": 300,
      "seed": 42,
      "MC": 1.5466979062979944,
      "NARMA_NRMSE": 1.257071669046814,
      "XOR_acc": 0.6222222222222222,
      "WAVE_acc": 0.3888888888888889,
      "wall_s": 101.81890201568604
    },
    "RAND_GAUSS_N300_s43": {
      "topo": "RAND_GAUSS",
      "N": 300,
      "seed": 43,
      "MC": NaN,
      "NARMA_NRMSE": NaN,
      "XOR_acc": NaN,
      "WAVE_acc": NaN,
      "wall_s": 50.028050899505615
    },
    "RAND_GAUSS_N300_s44": {
      "topo": "RAND_GAUSS",
      "N": 300,
      "seed": 44,
      "MC": 1.4540041683776077,
      "NARMA_NRMSE": 1.0861105145036825,
      "XOR_acc": 0.6222222222222222,
      "WAVE_acc": 0.4111111111111111,
      "wall_s": 113.18162393569946
    },
    "RAND_GAUSS_N800_s42": {
      "topo": "RAND_GAUSS",
      "N": 800,
      "seed": 42,
      "MC": 1.990775383602966,
      "NARMA_NRMSE": 1.9050836737287589,
      "XOR_acc": 0.5333333333333333,
      "WAVE_acc": 0.4444444444444444,
      "wall_s": 175.1432662010193
    },
    "RAND_GAUSS_N800_s43": {
      "topo": "RAND_GAUSS",
      "N": 800,
      "seed": 43,
      "MC": NaN,
      "NARMA_NRMSE": NaN,
      "XOR_acc": NaN,
      "WAVE_acc": NaN,
      "wall_s": 74.11942553520203
    },
    "RAND_GAUSS_N800_s44": {
      "topo": "RAND_GAUSS",
      "N": 800,
      "seed": 44,
      "MC": 1.7511524778375982,
      "NARMA_NRMSE": 1.2538907463164433,
      "XOR_acc": 0.5333333333333333,
      "WAVE_acc": 0.5,
      "wall_s": 157.36830878257751
    },
    "MESH_4N_N100_s42": {
      "topo": "MESH_4N",
      "N": 100,
      "seed": 42,
      "MC": 2.3410053593046305,
      "NARMA_NRMSE": 1.0482146156225536,
      "XOR_acc": 0.7833333333333333,
      "WAVE_acc": 0.5222222222222223,
      "wall_s": 89.95114421844482
    },
    "MESH_4N_N100_s43": {
      "topo": "MESH_4N",
      "N": 100,
      "seed": 43,
      "MC": NaN,
      "NARMA_NRMSE": NaN,
      "XOR_acc": NaN,
      "WAVE_acc": NaN,
      "wall_s": 45.65867567062378
    },
    "MESH_4N_N100_s44": {
      "topo": "MESH_4N",
      "N": 100,
      "seed": 44,
      "MC": 1.4048393719544523,
      "NARMA_NRMSE": 0.9866506847905127,
      "XOR_acc": 0.4888888888888889,
      "WAVE_acc": 0.5666666666666667,
      "wall_s": 90.78665375709534
    },
    "MESH_4N_N300_s42": {
      "topo": "MESH_4N",
      "N": 300,
      "seed": 42,
      "MC": 3.1670136441640517,
      "NARMA_NRMSE": 1.0605811189731376,
      "XOR_acc": 0.7333333333333333,
      "WAVE_acc": 0.5333333333333333,
      "wall_s": 120.86260795593262
    },
    "MESH_4N_N300_s43": {
      "topo": "MESH_4N",
      "N": 300,
      "seed": 43,
      "MC": NaN,
      "NARMA_NRMSE": NaN,
      "XOR_acc": NaN,
      "WAVE_acc": NaN,
      "wall_s": 88.03212714195251
    },
    "MESH_4N_N300_s44": {
      "topo": "MESH_4N",
      "N": 300,
      "seed": 44,
      "MC": 1.6420663489535954,
      "NARMA_NRMSE": 0.9395852753381565,
      "XOR_acc": 0.4888888888888889,
      "WAVE_acc": 0.5277777777777778,
      "wall_s": 110.13622069358826
    },
    "MESH_4N_N800_s42": {
      "topo": "MESH_4N",
      "N": 800,
      "seed": 42,
      "MC": 3.3863768689470586,
      "NARMA_NRMSE": 1.0522038963245537,
      "XOR_acc": 0.9,
      "WAVE_acc": 0.5166666666666667,
      "wall_s": 146.17433619499207
    },
    "MESH_4N_N800_s43": {
      "topo": "MESH_4N",
      "N": 800,
      "seed": 43,
      "MC": NaN,
      "NARMA_NRMSE": NaN,
      "XOR_acc": NaN,
      "WAVE_acc": NaN,
      "wall_s": 76.83260774612427
    },
    "MESH_4N_N800_s44": {
      "topo": "MESH_4N",
      "N": 800,
      "seed": 44,
      "MC": 3.1868021053409032,
      "NARMA_NRMSE": 0.9357279854313937,
      "XOR_acc": 0.9166666666666666,
      "WAVE_acc": 0.5222222222222223,
      "wall_s": 107.97880148887634
    },
    "ER_SPARSE_N100_s42": {
      "topo": "ER_SPARSE",
      "N": 100,
      "seed": 42,
      "MC": 2.580349324962734,
      "NARMA_NRMSE": 1.000469553691618,
      "XOR_acc": 0.85,
      "WAVE_acc": 0.5111111111111111,
      "wall_s": 89.08029317855835
    },
    "ER_SPARSE_N100_s43": {
      "topo": "ER_SPARSE",
      "N": 100,
      "seed": 43,
      "MC": NaN,
      "NARMA_NRMSE": NaN,
      "XOR_acc": NaN,
      "WAVE_acc": NaN,
      "wall_s": 45.19464707374573
    },
    "ER_SPARSE_N100_s44": {
      "topo": "ER_SPARSE",
      "N": 100,
      "seed": 44,
      "MC": 1.6671368900198782,
      "NARMA_NRMSE": 0.9661887739756633,
      "XOR_acc": 0.4888888888888889,
      "WAVE_acc": 0.5277777777777778,
      "wall_s": 90.26293325424194
    },
    "ER_SPARSE_N300_s42": {
      "topo": "ER_SPARSE",
      "N": 300,
      "seed": 42,
      "MC": 2.044649983422377,
      "NARMA_NRMSE": 1.2519858778971953,
      "XOR_acc": 0.7,
      "WAVE_acc": 0.46111111111111114,
      "wall_s": 101.43187403678894
    },
    "ER_SPARSE_N300_s43": {
      "topo": "ER_SPARSE",
      "N": 300,
      "seed": 43,
      "MC": NaN,
      "NARMA_NRMSE": NaN,
      "XOR_acc": NaN,
      "WAVE_acc": NaN,
      "wall_s": 49.73454308509827
    },
    "ER_SPARSE_N300_s44": {
      "topo": "ER_SPARSE",
      "N": 300,
      "seed": 44,
      "MC": 3.0849169304508104,
      "NARMA_NRMSE": 0.9377690974045805,
      "XOR_acc": 0.9111111111111111,
      "WAVE_acc": 0.5222222222222223,
      "wall_s": 99.9039294719696
    },
    "ER_SPARSE_N800_s42": {
      "topo": "ER_SPARSE",
      "N": 800,
      "seed": 42,
      "MC": 2.4248832368113717,
      "NARMA_NRMSE": 1.589953112241893,
      "XOR_acc": 0.5666666666666667,
      "WAVE_acc": 0.45,
      "wall_s": 110.1790337562561
    },
    "ER_SPARSE_N800_s43": {
      "topo": "ER_SPARSE",
      "N": 800,
      "seed": 43,
      "MC": NaN,
      "NARMA_NRMSE": NaN,
      "XOR_acc": NaN,
      "WAVE_acc": NaN,
      "wall_s": 55.854116439819336
    },
    "ER_SPARSE_N800_s44": {
      "topo": "ER_SPARSE",
      "N": 800,
      "seed": 44,
      "MC": 1.9840441983412533,
      "NARMA_NRMSE": 1.60667394539576,
      "XOR_acc": 0.6944444444444444,
      "WAVE_acc": 0.4777777777777778,
      "wall_s": 109.62941026687622
    },
    "WS_SMALLWORLD_N100_s42": {
      "topo": "WS_SMALLWORLD",
      "N": 100,
      "seed": 42,
      "MC": 1.852417107454956,
      "NARMA_NRMSE": 1.0058099746005074,
      "XOR_acc": 0.5277777777777778,
      "WAVE_acc": 0.5166666666666667,
      "wall_s": 89.62118673324585
    },
    "WS_SMALLWORLD_N100_s43": {
      "topo": "WS_SMALLWORLD",
      "N": 100,
      "seed": 43,
      "MC": NaN,
      "NARMA_NRMSE": NaN,
      "XOR_acc": NaN,
      "WAVE_acc": NaN,
      "wall_s": 44.942010164260864
    },
    "WS_SMALLWORLD_N100_s44": {
      "topo": "WS_SMALLWORLD",
      "N": 100,
      "seed": 44,
      "MC": 1.4676500358272455,
      "NARMA_NRMSE": 0.9559161080815269,
      "XOR_acc": 0.5833333333333334,
      "WAVE_acc": 0.55,
      "wall_s": 89.1421103477478
    },
    "WS_SMALLWORLD_N300_s42": {
      "topo": "WS_SMALLWORLD",
      "N": 300,
      "seed": 42,
      "MC": 2.449916663789791,
      "NARMA_NRMSE": 1.0672287803387186,
      "XOR_acc": 0.7888888888888889,
      "WAVE_acc": 0.4888888888888889,
      "wall_s": 101.1369481086731
    },