{"mu": [24323102.0, 385879.6875, 44000.0, 0.0, 23937222.0, 420.9125061035156, 201.72500610351562, 144.89999389648438, 138.16250610351562, 134.7624969482422, 134.96249389648438, 135.3249969482422, 138.3874969482422, 69655.3359375, 55888.98828125, 54773.44921875, 53205.88671875, 56216.69921875, 55319.07421875, 53990.4375, 54312.625, 741493.5, 3853345.0, 2364976.25, 3424747.0, 181.14218139648438, 95.39440155029297, 56670.3125, 8012.525390625, 45257.98828125, 70102.7734375, 340.5136413574219], "sigma": [15421224.0, 829265.0625, 9.999999974752427e-07, 9.999999974752427e-07, 14910707.0, 244.21087646484375, 91.27923583984375, 41.042842864990234, 45.77293014526367, 37.507747650146484, 39.12590026855469, 41.807228088378906, 48.2924690246582, 104015.84375, 4534.16748046875, 7269.443359375, 9855.203125, 1485.832275390625, 4983.30224609375, 8157.6923828125, 7815.07373046875, 0.7489325404167175, 22.876697540283203, 56.8165168762207, 19.559125900268555, 58.342674255371094, 77.47705078125, 13117.0400390625, 34376.63671875, 14589.44140625, 103953.8515625, 121.99395751953125], "host": "ikaros", "n_samples": 80, "t": 1780305693.691048}