{
  "script": "z305_aggregate",
  "n_cells": 12,
  "n_finite_cells": 12,
  "n_source_files": 12,
  "best_cell": {
    "bf": 9000,
    "rs": 1000000000.0,
    "alpha0": 7.84e-05,
    "cellwide_median_log_rmse": 1.4615970267624667,
    "cellwide_signed_dec_median": 1.2167437019831713,
    "worst_branch_median": 4.564459702175461,
    "n_curves_cellwide": 33,
    "per_vg1": {
      "0.2": {
        "median_log_rmse": 4.564459702175461,
        "signed_dec_median": 4.032989823375832,
        "p90_log_rmse": 5.472945583049756,
        "n_finite": 7,
        "n_total": 7
      },
      "0.4": {
        "median_log_rmse": 1.7545123284052977,
        "signed_dec_median": 1.2788718837317727,
        "p90_log_rmse": 3.440424242588648,
        "n_finite": 11,
        "n_total": 11
      },
      "0.6": {
        "median_log_rmse": 0.4262229865582069,
        "signed_dec_median": -0.12569611892374422,
        "p90_log_rmse": 1.1215921987059048,
        "n_finite": 15,
        "n_total": 15
      }
    }
  },
  "best_by_worst_branch": {
    "bf": 500,
    "rs": 10000000000.0,
    "alpha0": 7.84e-05,
    "cellwide_median_log_rmse": 1.7186422824302858,
    "cellwide_signed_dec_median": 0.9488079048772393,
    "worst_branch_median": 3.279043711844223,
    "n_curves_cellwide": 33,
    "per_vg1": {
      "0.2": {
        "median_log_rmse": 3.279043711844223,
        "signed_dec_median": 3.6678670228042813,
        "p90_log_rmse": 3.6994830880816294,
        "n_finite": 7,
        "n_total": 7
      },
      "0.4": {
        "median_log_rmse": 1.3863546999067744,
        "signed_dec_median": 1.4479760758835631,
        "p90_log_rmse": 1.5204149060699266,
        "n_finite": 11,
        "n_total": 11
      },
      "0.6": {
        "median_log_rmse": 1.881434601093058,
        "signed_dec_median": -2.1525971932278134,
        "p90_log_rmse": 2.1471685993377703,
        "n_finite": 15,
        "n_total": 15
      }
    }
  },
  "all_cells_ranked": [
    {
      "bf": 9000,
      "rs": 1000000000.0,
      "alpha0": 7.84e-05,
      "cellwide_median_log_rmse": 1.4615970267624667,
      "cellwide_signed_dec_median": 1.2167437019831713,
      "worst_branch_median": 4.564459702175461,
      "n_curves_cellwide": 33,
      "per_vg1": {
        "0.2": {
          "median_log_rmse": 4.564459702175461,
          "signed_dec_median": 4.032989823375832,
          "p90_log_rmse": 5.472945583049756,
          "n_finite": 7,
          "n_total": 7
        },
        "0.4": {
          "median_log_rmse": 1.7545123284052977,
          "signed_dec_median": 1.2788718837317727,
          "p90_log_rmse": 3.440424242588648,
          "n_finite": 11,
          "n_total": 11
        },
        "0.6": {
          "median_log_rmse": 0.4262229865582069,
          "signed_dec_median": -0.12569611892374422,
          "p90_log_rmse": 1.1215921987059048,
          "n_finite": 15,
          "n_total": 15
        }
      }
    },
    {
      "bf": 3000,
      "rs": 10000000000.0,
      "alpha0": 7.84e-05,
      "cellwide_median_log_rmse": 1.572165710235055,
      "cellwide_signed_dec_median": 0.9887105579946969,
      "worst_branch_median": 3.480498884261861,
      "n_curves_cellwide": 33,
      "per_vg1": {
        "0.2": {
          "median_log_rmse": 3.480498884261861,
          "signed_dec_median": 2.8071106694482495,
          "p90_log_rmse": 4.2322433272152855,
          "n_finite": 7,
          "n_total": 7
        },
        "0.4": {
          "median_log_rmse": 1.894062761701453,
          "signed_dec_median": 2.1919467984565237,
          "p90_log_rmse": 2.279446457222868,
          "n_finite": 11,
          "n_total": 11
        },
        "0.6": {
          "median_log_rmse": 1.2343338953453955,
          "signed_dec_median": -1.3873877465637232,
          "p90_log_rmse": 1.3318474559447588,
          "n_finite": 15,
          "n_total": 15
        }
      }
    },
    {
      "bf": 500,
      "rs": 1000000000.0,
      "alpha0": 7.84e-05,
      "cellwide_median_log_rmse": 1.644227545542835,
      "cellwide_signed_dec_median": 0.857724585814216,
      "worst_branch_median": 3.748408408822016,
      "n_curves_cellwide": 33,
      "per_vg1": {
        "0.2": {
          "median_log_rmse": 3.748408408822016,
          "signed_dec_median": 3.3964488922874736,
          "p90_log_rmse": 4.418635456211415,
          "n_finite": 7,
          "n_total": 7
        },
        "0.4": {
          "median_log_rmse": 1.9600133235463126,
          "signed_dec_median": 2.2505494928507774,
          "p90_log_rmse": 2.5412941382781735,
          "n_finite": 11,
          "n_total": 11
        },
        "0.6": {
          "median_log_rmse": 1.0506725718533554,
          "signed_dec_median": -1.169348067007312,
          "p90_log_rmse": 1.1953975212933008,
          "n_finite": 15,
          "n_total": 15
        }
      }
    },
    {
      "bf": 1000,
      "rs": 1000000000.0,
      "alpha0": 7.84e-05,
      "cellwide_median_log_rmse": 1.6562405897244394,
      "cellwide_signed_dec_median": 0.869449223132027,
      "worst_branch_median": 3.946221176470414,
      "n_curves_cellwide": 33,
      "per_vg1": {
        "0.2": {
          "median_log_rmse": 3.946221176470414,
          "signed_dec_median": 3.5796773187639213,
          "p90_log_rmse": 4.585723711452564,
          "n_finite": 7,
          "n_total": 7
        },
        "0.4": {
          "median_log_rmse": 2.032048237695419,
          "signed_dec_median": 0.8833239578854313,
          "p90_log_rmse": 2.8155382038248495,
          "n_finite": 11,
          "n_total": 11
        },
        "0.6": {
          "median_log_rmse": 0.8244470146325626,
          "signed_dec_median": -0.8734350581480221,
          "p90_log_rmse": 0.9302426676318251,
          "n_finite": 15,
          "n_total": 15
        }
      }
    },
    {
      "bf": 9000,
      "rs": 10000000000.0,
      "alpha0": 7.84e-05,
      "cellwide_median_log_rmse": 1.6759109038851796,
      "cellwide_signed_dec_median": 0.9681098211120007,
      "worst_branch_median": 4.043085221322548,
      "n_curves_cellwide": 33,
      "per_vg1": {
        "0.2": {
          "median_log_rmse": 4.043085221322548,
          "signed_dec_median": 3.6004574361636887,
          "p90_log_rmse": 4.623615926664974,
          "n_finite": 7,
          "n_total": 7
        },
        "0.4": {
          "median_log_rmse": 2.067086502620025,
          "signed_dec_median": 2.495431299889411,
          "p90_log_rmse": 2.5462878710482144,
          "n_finite": 11,
          "n_total": 11
        },
        "0.6": {
          "median_log_rmse": 0.9427043479593645,
          "signed_dec_median": -1.019491565388166,
          "p90_log_rmse": 0.9573928756967149,
          "n_finite": 15,
          "n_total": 15
        }
      }
    },
    {
      "bf": 500,
      "rs": 10000000000.0,
      "alpha0": 7.84e-05,
      "cellwide_median_log_rmse": 1.7186422824302858,
      "cellwide_signed_dec_median": 0.9488079048772393,
      "worst_branch_median": 3.279043711844223,
      "n_curves_cellwide": 33,
      "per_vg1": {
        "0.2": {
          "median_log_rmse": 3.279043711844223,
          "signed_dec_median": 3.6678670228042813,
          "p90_log_rmse": 3.6994830880816294,
          "n_finite": 7,
          "n_total": 7
        },
        "0.4": {
          "median_log_rmse": 1.3863546999067744,
          "signed_dec_median": 1.4479760758835631,
          "p90_log_rmse": 1.5204149060699266,
          "n_finite": 11,
          "n_total": 11
        },
        "0.6": {
          "median_log_rmse": 1.881434601093058,
          "signed_dec_median": -2.1525971932278134,
          "p90_log_rmse": 2.1471685993377703,
          "n_finite": 15,
          "n_total": 15
        }
      }
    },
    {
      "bf": 1000,
      "rs": 10000000000.0,
      "alpha0": 7.84e-05,
      "cellwide_median_log_rmse": 1.7991552221708413,
      "cellwide_signed_dec_median": 1.24500670710417,
      "worst_branch_median": 3.485179742510139,