{
  "A0_native": {
    "ppl": 272.43639168808886,
    "TCR": 1.0
  },
  "A1_zero_substrate": {
    "ppl": 270.46396395581866,
    "TCR": 0.992760043105664
  },
  "A2_matched_spectrum_spoof": {
    "ppl": 277.59538548935467,
    "TCR": 1.0189365075983399
  },
  "A3_drop_ch0": {
    "ppl": 272.33327481137655,
    "TCR": 0.9996215010921509
  },
  "A3_drop_ch1": {
    "ppl": 272.15338720489785,
    "TCR": 0.9989612089580344
  },
  "A3_drop_ch2": {
    "ppl": 272.3913297516449,
    "TCR": 0.9998345964863036
  },
  "A3_drop_ch3": {
    "ppl": 272.9064335241284,
    "TCR": 1.001725326903381
  },
  "A3_drop_ch4": {
    "ppl": 272.93654901515174,
    "TCR": 1.0018358682698878
  },
  "A3_drop_ch5": {
    "ppl": 273.0421415016886,
    "TCR": 1.0022234541055486
  }
}