{
  "duration_s": 180,
  "lag": 24,
  "n_frames": 85197,
  "busy_fraction": 0.5218702477411258,
  "smc_channels": [
    "C20_lat_x",
    "C11_drift",
    "C05_e0_rt",
    "C20_lat_e"
  ],
  "r2_S_only": [
    0.39789423446534755,
    0.4852419701277765,
    0.04751400812697415,
    0.24817931183966546
  ],
  "r2_S_plus_u": [
    0.4013532455878106,
    0.48559344600919496,
    0.05607338283631336,
    0.2550467943335384
  ],
  "delta_r2": [
    0.0034590111224630515,
    0.00035147588141848374,
    0.008559374709339207,
    0.006867482493872923
  ],
  "u_predictable_from_S_r2": 0.47427728602914265,
  "n_pass": 0,
  "verdict": "FAIL"
}