{
  "duration_s": 180,
  "lag": 128,
  "n_frames": 83706,
  "busy_fraction": 0.5218702477411258,
  "smc_channels": [
    "C20_lat_x",
    "C11_drift",
    "C05_e0_rt",
    "C20_lat_e"
  ],
  "r2_S_only": [
    0.4273213193148845,
    0.5188782557419616,
    0.08768031211315852,
    0.3181578560149164
  ],
  "r2_S_plus_u": [
    0.43384498674203864,
    0.5202024424197365,
    0.09342637073164373,
    0.3233807339074958
  ],
  "delta_r2": [
    0.006523667427154156,
    0.0013241866777748967,
    0.005746058618485206,
    0.005222877892579358
  ],
  "u_predictable_from_S_r2": 0.7143308653635121,
  "n_pass": 0,
  "verdict": "FAIL"
}