{
  "ckpt": "/home/ikaros/Documents/claude_hive/AMD_gfx1151_energy/results/IDENTITY_EMBODIED_V6_2026-06-10/v6_best_ikaros.pt",
  "ckpt_step": 200,
  "ckpt_ratio_at_save": 20.725729521867066,
  "M1_knockoff_kl": {
    "D_rk": 3.927971192752011e-07,
    "D_rr": 3.977856977144256e-08,
    "ratio": 9.874591307131261
  },
  "M2_ablation_ppl_gap": {
    "ppl_real": 25.255147923120017,
    "ppl_zero": 25.188030565335986,
    "gap": -0.06711735778403138,
    "pct": -0.26575713588511407
  },
  "M3_rank_correlation": {
    "spearman_rho": 0.999266862170088,
    "per_prompt_min": 2.014735223099251e-08,
    "per_prompt_max": 1.544080305393436e-06
  },
  "M5_per_channel_ablation": {
    "per_channel_kl": {
      "C07_xtal": 0.0,
      "C09_pm1": 1.9276882312624366e-09,
      "C20_lat_x": 3.63496610589209e-09,
      "C20_logtl": 1.9174137833033456e-09,
      "C11_drift": 4.319048230172484e-09,
      "C05_e0_rt": 9.061295713763684e-09,
      "C06_fast": 8.734446055314038e-09,
      "C09_pm3": 2.3094059997674776e-10,
      "C09_pm5": 1.6971597460724297e-09,
      "C20_lat_e": 5.953622803644976e-07
    },
    "ranked": [
      [
        "C20_lat_e",
        5.953622803644976e-07
      ],
      [
        "C05_e0_rt",
        9.061295713763684e-09
      ],
      [
        "C06_fast",
        8.734446055314038e-09
      ],
      [
        "C11_drift",
        4.319048230172484e-09
      ],
      [
        "C20_lat_x",
        3.63496610589209e-09
      ],
      [
        "C09_pm1",
        1.9276882312624366e-09
      ],
      [
        "C20_logtl",
        1.9174137833033456e-09
      ],
      [
        "C09_pm5",
        1.6971597460724297e-09
      ],
      [
        "C09_pm3",
        2.3094059997674776e-10
      ],
      [
        "C07_xtal",
        0.0
      ]
    ]
  },
  "M6_substrate_sweep": {
    "corr_substrate_output": 0.022741396854173212,
    "sub_dist_range": [
      6.505593776702881,
      8.797208786010742
    ],
    "out_kl_range": [
      1.312514541496057e-10,
      3.0463434086414054e-07
    ]
  }
}