{
  "host": "ikaros",
  "f1": 31.0,
  "f2": 47.0,
  "fs": 200.0,
  "dur": 70.0,
  "per_channel": {
    "ch0": {
      "fund_amp": 5.13628045217108e-08,
      "imd_amp": {
        "f2-f1": 5.034184383271449e-08,
        "f1+f2": 5.036291090123361e-08,
        "2f1-f2": 5.033798708981006e-08,
        "2f2-f1": 5.036371081881608e-08
      },
      "imd_over_noisefloor": {
        "f2-f1": 0.9801257995111451,
        "f1+f2": 0.9805359628226891,
        "2f1-f2": 0.9800507110174603,
        "2f2-f1": 0.9805515367429187
      },
      "max_imd_over_floor": 0.9805515367429187,
      "imd_over_fund": 0.9805483031505338
    },
    "ch1": {
      "fund_amp": 1.080537505942118e-08,
      "imd_amp": {
        "f2-f1": 1.1387150351734557e-08,
        "f1+f2": 6.50554911005487e-09,
        "2f1-f2": 1.1444938163108517e-08,
        "2f2-f1": 7.911334897605615e-09
      },
      "imd_over_noisefloor": {
        "f2-f1": 1.1434375548662343,
        "f1+f2": 0.6532529155839453,
        "2f1-f2": 1.1492403019713031,
        "2f2-f1": 0.7944145068452633
      },
      "max_imd_over_floor": 1.1492403019713031,
      "imd_over_fund": 1.0591893479097427
    },
    "ch2": {
      "fund_amp": 16.030929442391827,
      "imd_amp": {
        "f2-f1": 14.302795563249873,
        "f1+f2": 6.392154175242202,
        "2f1-f2": 26.25552771721112,
        "2f2-f1": 12.829020424286519
      },
      "imd_over_noisefloor": {
        "f2-f1": 3.1166504558016235,
        "f1+f2": 1.3928822610742937,
        "2f1-f2": 5.721210379138285,
        "2f2-f1": 2.795507505929552
      },
      "max_imd_over_floor": 5.721210379138285,
      "imd_over_fund": 1.6378044586598701
    },
    "ch3": {
      "fund_amp": 25.57190351721164,
      "imd_amp": {
        "f2-f1": 163.5234222226189,
        "f1+f2": 15.656092956430944,
        "2f1-f2": 66.7960752630738,
        "2f2-f1": 32.34564034477705
      },
      "imd_over_noisefloor": {
        "f2-f1": 14.589116283932567,
        "f1+f2": 1.3967941570014102,
        "2f1-f2": 5.9593646957597795,
        "2f2-f1": 2.8857903158715796
      },
      "max_imd_over_floor": 14.589116283932567,
      "imd_over_fund": 6.394651931662281
    },
    "ch4": {
      "fund_amp": 19.751670902531043,
      "imd_amp": {
        "f2-f1": 23.255462922561204,
        "f1+f2": 19.38714395716391,
        "2f1-f2": 38.23474103393636,
        "2f2-f1": 8.118066182954404
      },
      "imd_over_noisefloor": {
        "f2-f1": 3.054919292586154,
        "f1+f2": 2.5467633261098,
        "2f1-f2": 5.022649878893214,
        "2f2-f1": 1.0664176878947003
      },
      "max_imd_over_floor": 5.022649878893214,
      "imd_over_fund": 1.9357724833819925
    },
    "ch5": {
      "fund_amp": 5.335063992834172,
      "imd_amp": {
        "f2-f1": 6.470799605191044,
        "f1+f2": 1.482961768050501,
        "2f1-f2": 5.214019570653065,
        "2f2-f1": 3.6606617628630396
      },
      "imd_over_noisefloor": {
        "f2-f1": 11.676844418501192,
        "f1+f2": 2.676070176894298,
        "2f1-f2": 9.408929195194679,
        "2f2-f1": 6.605826247411043
      },
      "max_imd_over_floor": 11.676844418501192,
      "imd_over_fund": 1.2128813476056413
    },
    "ch6": {
      "fund_amp": 4.184355979583109,
      "imd_amp": {
        "f2-f1": 1.6312696750562121,
        "f1+f2": 2.57922572656326,
        "2f1-f2": 4.90409860924599,
        "2f2-f1": 3.3910270765705737
      },
      "imd_over_noisefloor": {
        "f2-f1": 0.7300866972070534,
        "f1+f2": 1.1543513747922425,
        "2f1-f2": 2.19486527037826,
        "2f2-f1": 1.5176790179635922
      },
      "max_imd_over_floor": 2.19486527037826,
      "imd_over_fund": 1.1720079823931686
    },
    "ch7": {
      "fund_amp": 61.93471465652612,
      "imd_amp": {
        "f2-f1": 98.84395509233131,
        "f1+f2": 30.522831548491308,
        "2f1-f2": 79.94696215462031,
        "2f2-f1": 37.069847593195455
      },
      "imd_over_noisefloor": {
        "f2-f1": 43.334949670152064,
        "f1+f2": 13.381752760791954,
        "2f1-f2": 35.05017153568769,
        "2f2-f1": 16.252081153882973
      },
      "max_imd_over_floor": 43.334949670152064,
      "imd_over_fund": 1.5959378458509783
    },
    "ch8": {
      "fund_amp": 6.170332202117903e-09,
      "imd_amp": {
        "f2-f1": 5.532225170973915e-09,
        "f1+f2": 4.368338351543633e-09,
        "2f1-f2": 5.540415246941019e-09,
        "2f2-f1": 4.663229509058261e-09
      },
      "imd_over_noisefloor": {
        "f2-f1": 0.9362985207218063,
        "f1+f2": 0.7393171120405798,
        "2f1-f2": 0.9376846457936548,
        "2f2-f1": 0.7892258099011698
      },
      "max_imd_over_floor": 0.9376846457936548,
      "imd_over_fund": 0.8979119868196607
    },
    "ch9": {
      "fund_amp": 20.96518661950109,
      "imd_amp": {
        "f2-f1": 21.796740199810415,
        "f1+f2": 17.70452367497793,
        "2f1-f2": 43.32889865572366,
        "2f2-f1": 33.0328380042504
      },
      "imd_over_noisefloor": {
        "f2-f1": 2.1013319826735866,
        "f1+f2": 1.7068186111864754,
        "2f1-f2": 4.177156753012389,
        "2f2-f1": 3.1845568805472406
      },
      "max_imd_over_floor": 4.177156753012389,
      "imd_over_fund": 2.0667070340037244
    }
  },
  "best_channel": "ch7",
  "best_max_imd_over_floor": 43.334949670152064,
  "static_control": {
    "measured_imd": 135.89503693059368,
    "static_map_imd": 75.5046998468306,
    "excess_over_static": 1.7998222256955068
  },
  "verdict": "DYNAMICAL NONLINEARITY (IMD beyond static map)"
}