{
  "raw_Auv_cos_ik_da": 0.9305837250235982,
  "comp_Cuv_cos_ik_da": 0.8868069234603202,
  "comp_Cuv_L2_ik_da": 2.8816307576496487,
  "ikaros_Cuv": [
    0.9375782405987786,
    -9.602871895565135e-07,
    1.430305018602367,
    3.0843930464350486,
    2.166039198304193,
    2.2199005423813425,
    -2.8873850162236834,
    -0.3082705832608625,
    -9.602871895565135e-07,
    0.31331063639904966
  ],
  "daedalus_Cuv": [
    -9.602871895565135e-07,
    -9.602871895565135e-07,
    1.7164907396406237,
    3.9752314155497603,
    1.9720769429717768,
    -0.05047189148125578,
    -3.899829340577385,
    -0.7308170069861577,
    -9.602871895565135e-07,
    0.7050305154318816
  ],
  "INTRA_ik_vs_ikstrong_Cuv_cos": 0.7336101006189651,
  "INTRA_ik_vs_ikstrong_Cuv_L2": 6.8389505423550725
}