{
  "host": "ikaros",
  "d_u": 0.6081498265266418,
  "d_v": 1.0005292892456055,
  "die_full_XOR": 0.7495934959349594,
  "null_p95": 0.5399186991869919,
  "null_pvalue": 0.0,
  "uv_partialR2_max": 0.0845351805416706,
  "uv_partialR2_median": 0.004376685886384358,
  "u_only_poly": 0.5203252032520326,
  "u_and_v_LINEAR": 0.49105691056910566,
  "uv_ceiling": 0.7463414634146341,
  "recall_v": 0.8357723577235773,
  "prev_d_v": 0.59,
  "prev_die_XOR": 0.654,
  "prev_uv_R2max": 0.089
}