{
  "host": "ikaros",
  "L": 1500,
  "chance": 0.0625,
  "parity_lags": [
    [
      1,
      3
    ],
    [
      2,
      6
    ],
    [
      4,
      9
    ],
    [
      5,
      12
    ]
  ],
  "reservoir_acc": 0.08374384236453201,
  "baseline_linear_on_u_acc": 0.11330049261083744,
  "memory_capacity_bits": 5.783251231527094,
  "n_features": 550,
  "drive_landed_cohen_d": [
    -0.17796994745731354,
    0.04605706036090851,
    -0.1893228441476822,
    -0.12025952339172363,
    -0.11037649214267731,
    0.0762946829199791,
    0.011883608996868134,
    0.0273886751383543,
    -0.06511861830949783,
    -0.3143533170223236
  ],
  "task_suite": {
    "XOR_t1t2": {
      "chance": 0.5,
      "reservoir": 0.5197044334975369,
      "baseline_u": 0.5024630541871922
    },
    "XOR_t2t5": {
      "chance": 0.5,
      "reservoir": 0.5320197044334976,
      "baseline_u": 0.4827586206896552
    },
    "PAR_2bit": {
      "chance": 0.25,
      "reservoir": 0.2561576354679803,
      "baseline_u": 0.3078817733990148
    },
    "PAR_4bit": {
      "chance": 0.0625,
      "reservoir": 0.08374384236453201,
      "baseline_u": 0.11330049261083744
    },
    "RECALL_t3": {
      "chance": 0.5,
      "reservoir": 0.6970443349753694,
      "baseline_u": 1.0
    }
  },
  "verdict": "FAIL",
  "pass_rule": "reservoir>=0.70 AND baseline<=0.30"
}