{
  "die": "daedalus",
  "host": "daedalus",
  "fp_dim": 64,
  "steps": 250,
  "ppl": {
    "own": 7.884209668073462,
    "zero": 142037.9734315444,
    "foreign": 2618023.0275947596,
    "random_mean": 493100.24855336733,
    "random_std": 329830.28079809423,
    "plain_gpt2": 52.48083349509507
  },
  "null_gate": {
    "own_better_than_random": true,
    "own_better_than_zero": true,
    "own_better_than_foreign": true
  }
}