{
  "host": "daedalus",
  "dur": 180.0,
  "every": 3.0,
  "load": true,
  "families": {
    "vcore_raw": {
      "status": "ok",
      "n": 60,
      "dim": 16,
      "cosdist_from_t0_max": 0.0007456464893678127,
      "cosdist_from_t0_end": 0.0007308568415762551,
      "per_sample_std_mean": 0.0027028470986127755,
      "absdrift_from_t0_end": 0.01757045090198517,
      "value_t0": [
        0.71026,
        0.70908,
        0.81914,
        0.70943,
        0.70918,
        0.70927,
        0.7094,
        0.79158
      ],
      "value_end": [
        0.70698,
        0.70824,
        0.71004,
        0.70715,
        0.70871,
        0.70701,
        0.70696,
        0.72581
      ]
    },
    "vcore_z": {
      "status": "ok",
      "n": 60,
      "dim": 16,
      "cosdist_from_t0_max": 0.6123251921982817,
      "cosdist_from_t0_end": 0.5260006724750759,
      "per_sample_std_mean": 0.2565403967127381,
      "absdrift_from_t0_end": 0.6751624933152284,
      "value_t0": [
        -0.65977,
        -0.69897,
        2.96775,
        -0.68729,
        -0.6959,
        -0.69291,
        -0.68859,
        2.04963
      ],
      "value_end": [
        -1.08802,
        -0.83862,
        -0.48466,
        -1.0542,
        -0.74701,
        -1.08147,
        -1.0916,
        2.62716
      ]
    },
    "cppc": {
      "status": "ok",
      "n": 60,
      "dim": 32,
      "cosdist_from_t0_max": 2.220446049250313e-16,
      "cosdist_from_t0_end": 2.220446049250313e-16,
      "per_sample_std_mean": 0.0,
      "absdrift_from_t0_end": 0.0,
      "value_t0": [
        231.0,
        231.0,
        211.0,
        211.0,
        236.0,
        236.0,
        216.0,
        216.0
      ],
      "value_end": [
        231.0,
        231.0,
        211.0,
        211.0,
        236.0,
        236.0,
        216.0,
        216.0
      ]
    },
    "thermal": {
      "status": "ok",
      "n": 60,
      "dim": 1,
      "cosdist_from_t0_max": 0.0,
      "cosdist_from_t0_end": 0.0,
      "per_sample_std_mean": 0.12801909579781012,
      "absdrift_from_t0_end": 0.0,
      "value_t0": [
        26.0
      ],
      "value_end": [
        26.0
      ]
    },
    "gpu_freq": {
      "status": "ok",
      "n": 60,
      "dim": 3,
      "cosdist_from_t0_max": 5.481517074801268e-06,
      "cosdist_from_t0_end": 0.0,
      "per_sample_std_mean": 643448.4067659185,
      "absdrift_from_t0_end": 0.0,
      "value_t0": [
        600000000.0,
        0.0,
        0.0
      ],
      "value_end": [
        600000000.0,
        0.0,
        0.0
      ]
    }
  }
}