{
  "host": "ikaros",
  "runtag": "r2",
  "zones": [
    0,
    3,
    6,
    9
  ],
  "kept_steps": 836,
  "temp_min": 52.0,
  "temp_max": 77.0,
  "coupling_matrix_Cuv": [
    [
      -3.1140373252970033,
      0.9687898894353283,
      2.753412139638735,
      4.5859057749235,
      1.073130787799639,
      1.890982135114098,
      0.23830318772886183,
      -0.06479986669152749,
      -1.8739291643099414,
      3.020614966454752
    ],
    [
      -3.4904897643477684,
      -1.2079759247683756e-07,
      2.42913123056133,
      2.6609244422943297,
      3.363498141609632,
      1.6722911718788909,
      -1.1777605310024235,
      -1.6795407984774138,
      -1.2079759247683756e-07,
      1.7286803938259978
    ],
    [
      -2.6869797102914013,
      -3.9925167297298163,
      2.71571182931396,
      3.810317433238216,
      4.423589435321792,
      1.7516156698224927,
      -1.6966791502021612,
      -6.129033553894183,
      -2.6846050920168257e-07,
      2.044787584785097
    ],
    [
      -2.3611882119372702,
      -1.2945754424672187,
      3.118025091286627,
      2.351019153079192,
      12.78193294223815,
      2.3077842358222913,
      1.1559778585476335,
      -1.4772001405695834,
      1.0967334069780613e-07,
      3.2287342482491037
    ]
  ]
}