{
  "host": "ikaros",
  "runtag": "r3",
  "zones": [
    0,
    3,
    6,
    9
  ],
  "kept_steps": 910,
  "temp_min": 42.0,
  "temp_max": 77.0,
  "coupling_matrix_Cuv": [
    [
      1.9465582080145374e-07,
      1.9465582080145374e-07,
      2.7998366843153204,
      3.2436097345438792,
      -1.6970502588218976,
      1.9271480376315417,
      -2.850056318818299,
      -0.8876569394072361,
      1.9465582080145374e-07,
      2.9512700667838234
    ],
    [
      -1.1039605236359258e-07,
      -1.1039605236359258e-07,
      3.3603849321915655,
      11.321772842616708,
      2.517633058268976,
      1.8629110387218117,
      -1.8702676966125409,
      -1.071250061653816,
      -1.1039605236359258e-07,
      3.3873301313392297
    ],
    [
      -4.582284039612447e-07,
      -4.582284039612447e-07,
      14.666050293770692,
      1.1295215450716043,
      0.6379718183333493,
      1.792288509090623,
      -0.664703288558108,
      -2.980477012074392,
      -4.582284039612447e-07,
      3.0187849102107203
    ],
    [
      9.512567020839534e-08,
      9.512567020839534e-08,
      21.319620325928067,
      8.466547830314724,
      1.093633381819356,
      1.856179179804406,
      -17.87074282513565,
      -0.7222334286874487,
      9.512567020839534e-08,
      2.9634611356545193
    ]
  ]
}