{
  "host": "ikaros",
  "runtag": "r1",
  "zones": [
    0,
    3,
    6,
    9
  ],
  "kept_steps": 915,
  "temp_min": 45.0,
  "temp_max": 78.0,
  "coupling_matrix_Cuv": [
    [
      2.929405566059991e-07,
      2.929405566059991e-07,
      2.9585355418889687,
      1.5877313517464897,
      4.467275728426504,
      3.160866532521756,
      -0.43436318225339854,
      -2.631554084555168,
      2.929405566059991e-07,
      2.3952375985123306
    ],
    [
      -1.9577083515954583e-07,
      -1.9577083515954583e-07,
      2.872494157355282,
      1.7046931149932596,
      2.5831881248221285,
      2.867986122804879,
      -4.907990260694937,
      -2.8283767285894412,
      -1.9577083515954583e-07,
      2.996095535547468
    ],
    [
      4.758576503533905e-07,
      4.758576503533905e-07,
      4.74274885638841,
      2.789450075989227,
      3.005776832484847,
      2.852292290312507,
      -9.360325085181332,
      -5.249337383536727,
      4.758576503533905e-07,
      2.1856620383509604
    ],
    [
      2.824866614761271e-07,
      2.824866614761271e-07,
      3.298999249496219,
      55.0980856774265,
      3.417272806930481,
      2.500863364766428,
      -1.0992994540277372,
      -0.4656027509079322,
      2.824866614761271e-07,
      3.785721241391796
    ]
  ]
}