{
  "trained_on": "ikaros",
  "eval_host": "ikaros",
  "transplant": false,
  "results": {
    "native": {
      "ppl": 1273.8324543575786,
      "loss": 7.149785315990448,
      "TCR": 1.0
    },
    "spoof": {
      "ppl": 1437518.8641050397,
      "loss": 14.178429174423218,
      "TCR": 1128.4991673649984
    },
    "phase": {
      "ppl": 61883.81424943201,
      "loss": 11.033013942241668,
      "TCR": 48.580811422834536
    },
    "zero": {
      "ppl": 331.457474658832,
      "loss": 5.803499519824982,
      "TCR": 0.26020492218185254
    },
    "replay": {
      "ppl": 82234.51879332341,
      "loss": 11.317330429553985,
      "TCR": 64.55677786510476
    }
  },
  "version": 22
}