{
  "trained_on": "ikaros",
  "eval_host": "ikaros",
  "transplant": false,
  "results": {
    "native": {
      "ppl": 687559830.8963267,
      "loss": 20.348659410476685,
      "TCR": 1.0
    },
    "spoof": {
      "ppl": 84108015719504.03,
      "loss": 32.063122990131376,
      "TCR": 122328.2861214535
    },
    "phase": {
      "ppl": 36306633033.17152,
      "loss": 24.315266289710998,
      "TCR": 52.805052595700566
    },
    "zero": {
      "ppl": 5664.105213576362,
      "loss": 8.641904211044311,
      "TCR": 8.237981567643996e-06
    },
    "replay": {
      "ppl": 4757098248238.246,
      "loss": 29.19065898656845,
      "TCR": 6918.813511889909
    }
  },
  "version": 2
}