{
  "host": "ikaros",
  "drive_landed_d": 1.0812692642211914,
  "ntap": 12,
  "burst_ms": 0.004,
  "task_suite": {
    "RECALL_t2": {
      "chance": 0.5,
      "die_rank4": 0.6639455782312925,
      "die_full_linear": 0.891156462585034,
      "u_window_rank": 1.0,
      "unbounded_nl_u": 1.0,
      "die_needed": false
    },
    "XOR_t1t2": {
      "chance": 0.5,
      "die_rank4": 0.4993197278911565,
      "die_full_linear": 0.5945578231292517,
      "u_window_rank": 0.5020408163265306,
      "unbounded_nl_u": 1.0,
      "die_needed": false
    },
    "XOR_t1t3": {
      "chance": 0.5,
      "die_rank4": 0.5292517006802722,
      "die_full_linear": 0.49523809523809526,
      "u_window_rank": 0.5115646258503401,
      "unbounded_nl_u": 1.0,
      "die_needed": false
    },
    "XOR_t2t4": {
      "chance": 0.5,
      "die_rank4": 0.5401360544217687,
      "die_full_linear": 0.5034013605442177,
      "u_window_rank": 0.5020408163265306,
      "unbounded_nl_u": 1.0,
      "die_needed": false
    },
    "XOR_t2t8": {
      "chance": 0.5,
      "die_rank4": 0.5224489795918368,
      "die_full_linear": 0.5319727891156463,
      "u_window_rank": 0.5006802721088436,
      "unbounded_nl_u": 1.0,
      "die_needed": false
    },
    "PAR3_123": {
      "chance": 0.5,
      "die_rank4": 0.5265306122448979,
      "die_full_linear": 0.5170068027210885,
      "u_window_rank": 0.5142857142857142,
      "unbounded_nl_u": 0.5401360544217687,
      "die_needed": false
    }
  },
  "die_needed_on": [],
  "verdict": "amplification insufficient \u2014 die still not needed"
}