{
  "trained_on": "ikaros",
  "eval_host": "ikaros",
  "transplant": false,
  "results": {
    "native": {
      "ppl": 271.6464642855101,
      "loss": 5.604501457214355,
      "TCR_vs_native": 1.0
    },
    "spoof": {
      "ppl": 277.5370134588565,
      "loss": 5.6259543061256405,
      "TCR_vs_native": 1.0216846156596953
    },
    "zero": {
      "ppl": 270.46396395581866,
      "loss": 5.600138869285583,
      "TCR_vs_native": 0.9956469143347708
    },
    "replay": {
      "ppl": 272.7074029843848,
      "loss": 5.608399436473847,
      "TCR_vs_native": 1.0039055862614124
    }
  }
}