{
  "trained_on": "ikaros",
  "eval_host": "ikaros",
  "transplant": false,
  "results": {
    "native": {
      "ppl": 5.184705528587072e+21,
      "loss": 53.43370537757873,
      "TCR": 1.0
    },
    "spoof": {
      "ppl": 5.184705528587072e+21,
      "loss": 249.4004582452774,
      "TCR": 1.0
    },
    "phase": {
      "ppl": 5.184705528587072e+21,
      "loss": 123.06962346792221,
      "TCR": 1.0
    },
    "zero": {
      "ppl": 5.184705528587072e+21,
      "loss": 348.4887422180176,
      "TCR": 1.0
    }
  },
  "version": 3
}