{
  "channel_h_real": [
    0.8899883189799696,
    0.0,
    0.0,
    0.3559953275919878,
    0.0,
    0.0,
    0.0,
    -0.1779976637959939
  ],
  "channel_h_imag": [
    0.0,
    0.0,
    0.0,
    -0.1779976637959939,
    0.0,
    0.0,
    0.0,
    0.13349824784699543
  ],
  "echo_delays": [
    0,
    3,
    7
  ],
  "n_symbols": 8000,
  "n_preamble": 2000,
  "n_taps": 16,
  "delay": 8,
  "snr_db": [
    5.0,
    10.0,
    20.0
  ],
  "eval_start": 3000,
  "BER_per_SNR": {
    "wiener": {
      "5.0": 0.1151,
      "10.0": 0.0811,
      "20.0": 0.0661
    },
    "lms_f32": {
      "5.0": 0.0724,
      "10.0": 0.0108,
      "20.0": 0.0
    },
    "nsram": {
      "5.0": 0.1667,
      "10.0": 0.0155,
      "20.0": 0.0
    },
    "no_eq": {
      "5.0": 0.1115,
      "10.0": 0.0556875,
      "20.0": 0.0204375
    }
  },
  "convergence_steps": {
    "lms_f32": {
      "5.0": -1,
      "10.0": -1,
      "20.0": 416
    },
    "nsram": {
      "5.0": -1,
      "10.0": -1,
      "20.0": 1514
    }
  },
  "energy_per_symbol_pJ": {
    "lms_f32": 474.6,
    "nsram": 2.76,
    "wiener_apply": 237.8
  },
  "gates": {
    "INFRA": {
      "pass": true,
      "note": "trains + dashboard produced"
    },
    "DISCOVERY": {
      "pass": true,
      "ber_20dB": 0.0,
      "note": "NSRAM BER<0.01 at 20dB"
    },
    "AMBITIOUS": {
      "pass": true,
      "ber_20dB": 0.0,
      "ber_10dB": 0.0155,
      "note": "NSRAM BER<0.001@20 AND BER<0.05@10"
    }
  }
}