{
  "N": 128,
  "seeds": 4,
  "task": "narma10",
  "vec_expanded_len": 165,
  "vec_expanded_overlap_bits_ikvsda": 0.62744140625,
  "vec23": {
    "G1_median": 0.6127535836705351,
    "G2_median": 424.8335893501986,
    "factor": 693.3188163590127,
    "G1_per_seed": [
      0.6157367870933993,
      0.6097703802476709,
      0.5271258138508488,
      0.6184052453055717
    ],
    "G2_per_seed": [
      408.6245181186048,
      1054.689546032356,
      441.04266058179246,
      384.15755435818187
    ]
  },
  "vec_expanded": {
    "G1_median": 0.5892358332188895,
    "G2_median": 372.46352414026035,
    "factor": 632.1128199307891,
    "G1_per_seed": [
      0.5765769748928207,
      0.6018946915449583,
      0.5344121634526757,
      0.6108754256934689
    ],
    "G2_per_seed": [
      618.6985179742356,
      89.10880312895036,
      301.5975609102213,
      443.3294873702993
    ]
  },
  "binding_amplification": 0.9117202721402414,
  "verdict": "DEEPER_NEUTRAL"
}