{
  "N": 128,
  "task": "narma10",
  "seeds": 3,
  "axes_results": {
    "mask": {
      "G1": 0.5674012823807996,
      "G2": 272.67523200777913,
      "factor": 480.5685860695303
    },
    "acts": {
      "G1": 0.6210203849509791,
      "G2": 288.42789279553875,
      "factor": 464.441908486315
    },
    "perm": {
      "G1": 0.573439438549656,
      "G2": 527.6980890438155,
      "factor": 920.2333386389859
    },
    "weight_scale": {
      "G1": 0.5753240379807081,
      "G2": 55.62684607781508,
      "factor": 96.68785311501338
    },
    "leak": {
      "G1": 0.5605580516974645,
      "G2": 39.17089391069761,
      "factor": 69.8783895656864
    }
  },
  "baseline_G1_median": 0.5450414045271865,
  "all_axes": {
    "G1": 0.6097703802476709,
    "G2": 441.04266058179246,
    "factor": 723.2930212232575
  },
  "axes_ranked": [
    "perm",
    "mask",
    "acts",
    "weight_scale",
    "leak"
  ]
}