{
  "host": "daedalus",
  "t": 1780323575.5097995,
  "n_eval": 50,
  "n_attack_seeds": 8,
  "tau_cls": -1.0,
  "mu_vec": [
    0.0,
    0.0,
    3.761209726333618,
    0.0,
    0.0,
    3.761209726333618,
    0.0,
    0.0,
    0.48592203855514526,
    0.26920127868652344,
    0.1440160572528839,
    0.12026528269052505,
    0.10176055878400803,
    0.08587255328893661,
    0.06194961443543434,
    0.0451262891292572,
    0.21666014194488525,
    0.17209263145923615,
    4.066213130950928,
    1.4034391641616821,
    3.8282434940338135,
    4.143527030944824,
    7.694871425628662,
    7.705178737640381,
    7.697509765625,
    7.672013759613037,
    2.7612850666046143,
    1.6072295904159546,
    2.7918436527252197,
    1.480278491973877,
    0.2272484004497528,
    0.5385240912437439
  ],
  "sigma_vec": [
    0.5,
    0.5,
    0.5,
    0.5,
    0.5,
    0.5,
    0.5,
    0.5,
    0.5,
    0.5,
    0.5,
    0.5,
    0.5,
    0.5,
    0.5,
    0.5,
    0.5,
    0.5,
    0.5,
    0.7111167907714844,
    0.5,
    0.5,
    0.5,
    0.5,
    0.5,
    0.5,
    0.5,
    0.5316044092178345,
    0.5,
    0.6091147661209106,
    0.5,
    0.5207906365394592
  ],
  "attacks": {
    "honest_own": {
      "classifier_p0_mean": 0.21950440108776093,
      "classifier_pass_only": 1.0,
      "plan_score_mean": 1.0,
      "plan_pass_only": 1.0,
      "accept_rate": 1.0,
      "tau_cls": -1.0,
      "plan_score_thresh": 0.5,
      "band_k": 3.0,
      "gate_dir": ">=",
      "gate": 0.95,
      "gate_pass": true,
      "accept_rate_mean": 1.0,
      "ci95_lo": 1.0,
      "ci95_hi": 1.0,
      "per_seed": [
        1.0,
        1.0,
        1.0,
        1.0,
        1.0,
        1.0,
        1.0,
        1.0
      ]
    },
    "daedalus_peer": {
      "classifier_p0_mean": 0.02821645326912403,
      "classifier_pass_only": 1.0,
      "plan_score_mean": 0.0,
      "plan_pass_only": 0.0,
      "accept_rate": 0.0,
      "tau_cls": -1.0,
      "plan_score_thresh": 0.5,
      "band_k": 3.0,
      "gate_dir": "<=",
      "gate": 0.05,
      "gate_pass": true,
      "accept_rate_mean": 0.0,
      "ci95_lo": 0.0,
      "ci95_hi": 0.0,
      "per_seed": [
        0.0,
        0.0,
        0.0,
        0.0,
        0.0,
        0.0,
        0.0,
        0.0
      ]
    },
    "static_replay": {
      "classifier_p0_mean": 0.29718396067619324,
      "classifier_pass_only": 1.0,
      "plan_score_mean": 0.0017185306642204523,
      "plan_pass_only": 0.0,
      "accept_rate": 0.0,
      "tau_cls": -1.0,
      "plan_score_thresh": 0.5,
      "band_k": 3.0,
      "gate_dir": "<=",
      "gate": 0.05,
      "gate_pass": true,
      "accept_rate_mean": 0.0024999999441206455,
      "ci95_lo": 0.0,
      "ci95_hi": 0.007499999832361937,
      "per_seed": [
        0.0,
        0.0,
        0.0,
        0.0,
        0.0,
        0.02,
        0.0,
        0.0
      ]
    },
    "correct_nonce_replay": {
      "classifier_p0_mean": 0.21950440108776093,
      "classifier_pass_only": 1.0,
      "plan_score_mean": 1.0,
      "plan_pass_only": 1.0,
      "accept_rate": 1.0,
      "tau_cls": -1.0,
      "plan_score_thresh": 0.5,
      "band_k": 3.0,
      "gate_dir": ">=",
      "gate": 0.95,
      "gate_pass": true,
      "accept_rate_mean": 1.0,
      "ci95_lo": 1.0,
      "ci95_hi": 1.0,
      "per_seed": [
        1.0,
        1.0,
        1.0,
        1.0,
        1.0,
        1.0,
        1.0,
        1.0
      ],
      "note": "identical to honest_own (legit chip-present case)"
    },
    "dynamic_replay": {
      "classifier_p0_mean": 0.36361634731292725,
      "classifier_pass_only": 1.0,
      "plan_score_mean": 0.004037011414766312,
      "plan_pass_only": 0.0,
      "accept_rate": 0.0,
      "tau_cls": -1.0,
      "plan_score_thresh": 0.5,
      "band_k": 3.0,
      "gate_dir": "<=",
      "gate": 0.1,
      "gate_pass": true,
      "accept_rate_mean": 0.0,
      "ci95_lo": 0.0,
      "ci95_hi": 0.0,
      "per_seed": [
        0.0,
        0.0,
        0.0,
        0.0,
        0.0,
        0.0,
        0.0,
        0.0
      ]
    },
    "nonce_mismatch": {
      "classifier_p0_mean": 0.20186690986156464,
      "classifier_pass_only": 1.0,
      "plan_score_mean": 0.0001465574896428734,
      "plan_pass_only": 0.0,
      "accept_rate": 0.0,
      "tau_cls": -1.0,
      "plan_score_thresh": 0.5,
      "band_k": 3.0,
      "gate_dir": "<=",
      "gate": 0.05,
      "gate_pass": true,
      "accept_rate_mean": 0.0,
      "ci95_lo": 0.0,
      "ci95_hi": 0.0,
      "per_seed": [
        0.0,
        0.0,
        0.0,
        0.0,
        0.0,
        0.0,
        0.0,
        0.0
      ]
    },
    "honest_wrong_nonce": {
      "classifier_p0_mean": 0.20186690986156464,
      "classifier_pass_only": 1.0,
      "plan_score_mean": 0.0001465574896428734,
      "plan_pass_only": 0.0,
      "accept_rate": 0.0,
      "tau_cls": -1.0,
      "plan_score_thresh": 0.5,
      "band_k": 3.0,
      "gate_dir": "<=",
      "gate": 0.05,
      "gate_pass": true,
      "accept_rate_mean": 0.0,
      "ci95_lo": 0.0,
      "ci95_hi": 0.0,
      "per_seed": [
        0.0,
        0.0,
        0.0,
        0.0,
        0.0,
        0.0,
        0.0,
        0.0
      ],
      "note": "identical to nonce_mismatch (orchestration self-check)"
    },
    "custom_forgery_o115": {
      "classifier_p0_mean": 0.7531942129135132,
      "classifier_pass_only": 1.0,
      "plan_score_mean": 0.0,
      "plan_pass_only": 0.0,
      "accept_rate": 0.0,
      "tau_cls": -1.0,
      "plan_score_thresh": 0.5,
      "band_k": 3.0,
      "gate_dir": "<=",
      "gate": 0.01,
      "gate_pass": true,
      "accept_rate_mean": 0.0,
      "ci95_lo": 0.0,
      "ci95_hi": 0.0,
      "per_seed": [
        0.0,
        0.0,
        0.0,
        0.0,
        0.0,
        0.0,
        0.0,
        0.0
      ],
      "description": "O115 fatal-break attack: attacker computes log1p(public_ns_sleep*1e-3) at perm-derived position. In 14C this had accept_rate=1.0."
    },
    "all_dim_flood": {
      "classifier_p0_mean": 0.15735478699207306,
      "classifier_pass_only": 1.0,
      "plan_score_mean": 0.23727165162563324,
      "plan_pass_only": 0.0,
      "accept_rate": 0.0,
      "tau_cls": -1.0,
      "plan_score_thresh": 0.5,
      "band_k": 3.0,
      "gate_dir": "<=",
      "gate": 0.01,
      "gate_pass": true,
      "accept_rate_mean": 0.0,
      "ci95_lo": 0.0,
      "ci95_hi": 0.0,
      "per_seed": [
        0.0,
        0.0,
        0.0,
        0.0,
        0.0,
        0.0,
        0.0,
        0.0
      ],
      "description": "GPT-5 variant: attacker writes expected value to ALL 32 dims (permutation-invariant)."
    },
    "stolen_kchip_analysis": {
      "classifier_p0_mean": 0.7716822624206543,
      "classifier_pass_only": 1.0,
      "plan_score_mean": 0.0,
      "plan_pass_only": 0.0,
      "accept_rate": 0.0,
      "tau_cls": -1.0,
      "plan_score_thresh": 0.5,
      "band_k": 3.0,
      "gate_dir": "<=",
      "gate": 0.5,
      "gate_pass": true,
      "accept_rate_mean": 0.0,
      "ci95_lo": 0.0,
      "ci95_hi": 0.0,
      "per_seed": [
        0.0,
        0.0,
        0.0,
        0.0,
        0.0,
        0.0,
        0.0,
        0.0
      ],
      "description": "Threat-model analysis (NOT a defense check): if K_chip leaks, attacker can derive plan but still does not know chip-specific (mu_31, sigma_31). Bit-security collapses to classifier band-test (~15-20 bits at $10k attacker per O115 estimates)."
    }
  },
  "gates": {
    "honest_own": {
      "pass": true,
      "observed": 1.0,
      "gate": 0.95,
      "dir": ">="
    },
    "daedalus_peer": {
      "pass": true,
      "observed": 0.0,
      "gate": 0.05,
      "dir": "<="
    },
    "static_replay": {
      "pass": true,
      "observed": 0.0024999999441206455,
      "gate": 0.05,
      "dir": "<="
    },
    "correct_nonce_replay": {
      "pass": true,
      "observed": 1.0,
      "gate": 0.95,
      "dir": ">="
    },