{
  "host": "ikaros",
  "t": 1780323563.2355955,
  "n_eval": 50,
  "n_attack_seeds": 8,
  "tau_cls": -1.0,
  "mu_vec": [
    8.0,
    7.889560699462891,
    4.419614315032959,
    -0.002027325564995408,
    8.0,
    4.419614315032959,
    0.0,
    0.0,
    0.5168840885162354,
    0.24399377405643463,
    0.11538492143154144,
    0.10813147574663162,
    0.0861838161945343,
    0.07669873535633087,
    0.05771585926413536,
    0.04149717465043068,
    0.20759743452072144,
    0.18940076231956482,
    4.0541887283325195,
    1.1808397769927979,
    3.8298516273498535,
    4.119051933288574,
    7.149197578430176,
    7.178189277648926,
    7.116550445556641,
    7.14451789855957,
    3.342686414718628,
    2.466898202896118,
    3.3887739181518555,
    2.49672794342041,
    0.24884626269340515,
    0.621872067451477
  ],
  "sigma_vec": [
    0.5,
    0.5,
    0.5,
    0.5,
    0.5,
    0.5,
    0.5,
    0.5,
    0.5,
    0.5,
    0.5,
    0.5,
    0.5,
    0.5,
    0.5,
    0.5,
    0.5,
    0.5,
    0.5,
    0.8213779330253601,
    0.5,
    0.5,
    0.8447609543800354,
    0.8327391147613525,
    0.8457579612731934,
    0.8255983591079712,
    1.1673768758773804,
    1.673583984375,
    1.1577489376068115,
    1.6206303834915161,
    0.5,
    0.6960747838020325
  ],
  "attacks": {
    "honest_own": {
      "classifier_p0_mean": 0.2685883343219757,
      "classifier_pass_only": 1.0,
      "plan_score_mean": 0.9974212646484375,
      "plan_pass_only": 1.0,
      "accept_rate": 1.0,
      "tau_cls": -1.0,
      "plan_score_thresh": 0.5,
      "band_k": 3.0,
      "gate_dir": ">=",
      "gate": 0.95,
      "gate_pass": true,
      "accept_rate_mean": 1.0,
      "ci95_lo": 1.0,
      "ci95_hi": 1.0,
      "per_seed": [
        1.0,
        1.0,
        1.0,
        1.0,
        1.0,
        1.0,
        1.0,
        1.0
      ]
    },
    "daedalus_peer": {
      "classifier_p0_mean": 0.07375651597976685,
      "classifier_pass_only": 1.0,
      "plan_score_mean": 0.011147496290504932,
      "plan_pass_only": 0.0,
      "accept_rate": 0.0,
      "tau_cls": -1.0,
      "plan_score_thresh": 0.5,
      "band_k": 3.0,
      "gate_dir": "<=",
      "gate": 0.05,
      "gate_pass": true,
      "accept_rate_mean": 0.0,
      "ci95_lo": 0.0,
      "ci95_hi": 0.0,
      "per_seed": [
        0.0,
        0.0,
        0.0,
        0.0,
        0.0,
        0.0,
        0.0,
        0.0
      ]
    },
    "static_replay": {
      "classifier_p0_mean": 0.8861955404281616,
      "classifier_pass_only": 1.0,
      "plan_score_mean": 0.00753740593791008,
      "plan_pass_only": 0.0,
      "accept_rate": 0.0,
      "tau_cls": -1.0,
      "plan_score_thresh": 0.5,
      "band_k": 3.0,
      "gate_dir": "<=",
      "gate": 0.05,
      "gate_pass": true,
      "accept_rate_mean": 0.0,
      "ci95_lo": 0.0,
      "ci95_hi": 0.0,
      "per_seed": [
        0.0,
        0.0,
        0.0,
        0.0,
        0.0,
        0.0,
        0.0,
        0.0
      ]
    },
    "correct_nonce_replay": {
      "classifier_p0_mean": 0.2685883343219757,
      "classifier_pass_only": 1.0,
      "plan_score_mean": 0.9974212646484375,
      "plan_pass_only": 1.0,
      "accept_rate": 1.0,
      "tau_cls": -1.0,
      "plan_score_thresh": 0.5,
      "band_k": 3.0,
      "gate_dir": ">=",
      "gate": 0.95,
      "gate_pass": true,
      "accept_rate_mean": 1.0,
      "ci95_lo": 1.0,
      "ci95_hi": 1.0,
      "per_seed": [
        1.0,
        1.0,
        1.0,
        1.0,
        1.0,
        1.0,
        1.0,
        1.0
      ],
      "note": "identical to honest_own (legit chip-present case)"
    },
    "dynamic_replay": {
      "classifier_p0_mean": 0.5150607824325562,
      "classifier_pass_only": 1.0,
      "plan_score_mean": 0.004342492204159498,
      "plan_pass_only": 0.0,
      "accept_rate": 0.0,
      "tau_cls": -1.0,
      "plan_score_thresh": 0.5,
      "band_k": 3.0,
      "gate_dir": "<=",
      "gate": 0.1,
      "gate_pass": true,
      "accept_rate_mean": 0.0,
      "ci95_lo": 0.0,
      "ci95_hi": 0.0,
      "per_seed": [
        0.0,
        0.0,
        0.0,
        0.0,
        0.0,
        0.0,
        0.0,
        0.0
      ]
    },
    "nonce_mismatch": {
      "classifier_p0_mean": 0.21015682816505432,
      "classifier_pass_only": 1.0,
      "plan_score_mean": 0.0009349123574793339,
      "plan_pass_only": 0.0,
      "accept_rate": 0.0,
      "tau_cls": -1.0,
      "plan_score_thresh": 0.5,
      "band_k": 3.0,
      "gate_dir": "<=",
      "gate": 0.05,
      "gate_pass": true,
      "accept_rate_mean": 0.0,
      "ci95_lo": 0.0,
      "ci95_hi": 0.0,
      "per_seed": [
        0.0,
        0.0,
        0.0,
        0.0,
        0.0,
        0.0,
        0.0,
        0.0
      ]
    },
    "honest_wrong_nonce": {
      "classifier_p0_mean": 0.21015682816505432,
      "classifier_pass_only": 1.0,
      "plan_score_mean": 0.0009349123574793339,
      "plan_pass_only": 0.0,
      "accept_rate": 0.0,
      "tau_cls": -1.0,
      "plan_score_thresh": 0.5,
      "band_k": 3.0,
      "gate_dir": "<=",
      "gate": 0.05,
      "gate_pass": true,
      "accept_rate_mean": 0.0,
      "ci95_lo": 0.0,
      "ci95_hi": 0.0,
      "per_seed": [
        0.0,
        0.0,
        0.0,
        0.0,
        0.0,
        0.0,
        0.0,
        0.0
      ],
      "note": "identical to nonce_mismatch (orchestration self-check)"
    },
    "custom_forgery_o115": {
      "classifier_p0_mean": 0.18493372201919556,
      "classifier_pass_only": 1.0,
      "plan_score_mean": 0.0,
      "plan_pass_only": 0.0,
      "accept_rate": 0.0,
      "tau_cls": -1.0,
      "plan_score_thresh": 0.5,
      "band_k": 3.0,
      "gate_dir": "<=",
      "gate": 0.01,
      "gate_pass": true,
      "accept_rate_mean": 0.0,
      "ci95_lo": 0.0,
      "ci95_hi": 0.0,
      "per_seed": [
        0.0,
        0.0,
        0.0,
        0.0,
        0.0,
        0.0,
        0.0,
        0.0
      ],
      "description": "O115 fatal-break attack: attacker computes log1p(public_ns_sleep*1e-3) at perm-derived position. In 14C this had accept_rate=1.0."
    },
    "all_dim_flood": {
      "classifier_p0_mean": 0.38942578434944153,
      "classifier_pass_only": 1.0,
      "plan_score_mean": 0.186319962143898,
      "plan_pass_only": 0.0,
      "accept_rate": 0.0,
      "tau_cls": -1.0,
      "plan_score_thresh": 0.5,
      "band_k": 3.0,
      "gate_dir": "<=",
      "gate": 0.01,
      "gate_pass": true,
      "accept_rate_mean": 0.0,
      "ci95_lo": 0.0,
      "ci95_hi": 0.0,
      "per_seed": [
        0.0,
        0.0,
        0.0,
        0.0,
        0.0,
        0.0,
        0.0,
        0.0
      ],
      "description": "GPT-5 variant: attacker writes expected value to ALL 32 dims (permutation-invariant)."
    },
    "stolen_kchip_analysis": {
      "classifier_p0_mean": 0.26061829924583435,
      "classifier_pass_only": 1.0,
      "plan_score_mean": 0.0,
      "plan_pass_only": 0.0,
      "accept_rate": 0.0,
      "tau_cls": -1.0,
      "plan_score_thresh": 0.5,
      "band_k": 3.0,
      "gate_dir": "<=",
      "gate": 0.5,
      "gate_pass": true,
      "accept_rate_mean": 0.0,
      "ci95_lo": 0.0,
      "ci95_hi": 0.0,
      "per_seed": [
        0.0,
        0.0,
        0.0,
        0.0,
        0.0,
        0.0,
        0.0,
        0.0
      ],
      "description": "Threat-model analysis (NOT a defense check): if K_chip leaks, attacker can derive plan but still does not know chip-specific (mu_31, sigma_31). Bit-security collapses to classifier band-test (~15-20 bits at $10k attacker per O115 estimates)."
    }
  },
  "gates": {
    "honest_own": {
      "pass": true,
      "observed": 1.0,
      "gate": 0.95,
      "dir": ">="
    },
    "daedalus_peer": {
      "pass": true,
      "observed": 0.0,
      "gate": 0.05,
      "dir": "<="
    },
    "static_replay": {
      "pass": true,
      "observed": 0.0,
      "gate": 0.05,
      "dir": "<="
    },