{
  "n_points": 180,
  "summary": {
    "M1": {
      "id": {
        "p50": 0.005285694195556443,
        "p90": 0.014030565013176904,
        "p99": 0.018625383348952928,
        "max": 0.022237953589480157,
        "n": 90
      },
      "gm": {
        "p50": 0.0053029264429415275,
        "p90": 0.014059782274037947,
        "p99": 0.025222182483804218,
        "max": 0.031420347004394285,
        "n": 90
      },
      "gds": {
        "p50": 0.006461660189342265,
        "p90": 0.02000191292056041,
        "p99": 0.04350862749143278,
        "max": 0.05687758725369512,
        "n": 90
      },
      "gmb": {
        "p50": 0.015718670819517055,
        "p90": 0.042722540928778176,
        "p99": 0.07314560050526772,
        "max": 0.08736558448446916,
        "n": 90
      },
      "cgg": {
        "p50": 0.15091328188083802,
        "p90": 0.6927764362121098,
        "p99": 0.7189284921391879,
        "max": 0.7248206575499934,
        "n": 90
      },
      "cgs": {
        "p50": 0.9999999999999727,
        "p90": 0.999999999999998,
        "p99": 0.9999999999999986,
        "max": 0.9999999999999987,
        "n": 90
      },
      "cgd": {
        "p50": 0.9999999999998634,
        "p90": 0.999999999999979,
        "p99": 1.0381406142159963,
        "max": 1.3467328565091066,
        "n": 90
      },
      "cdb": {
        "p50": 0.99999999999997,
        "p90": 0.9999999999999913,
        "p99": 0.9999999999999932,
        "max": 0.9999999999999933,
        "n": 90
      },
      "csb": {
        "p50": 72518105659.16168,
        "p90": 345229646002.53894,
        "p99": 1151721628702.8604,
        "max": 1151726350675.8474,
        "n": 90
      },
      "vth": {
        "p50": 7.722929580566973e-06,
        "p90": 3.820425204770217e-05,
        "p99": 4.680550805746808e-05,
        "max": 4.680550805746808e-05,
        "n": 90,
        "unit": "V"
      },
      "vdsat": {
        "p50": 3.7720449546488344e-05,
        "p90": 0.0006643940155720118,
        "p99": 0.0010023293976489788,
        "max": 0.0010723670296081678,
        "n": 90,
        "unit": "V"
      }
    },
    "M2": {
      "id": {
        "p50": 0.008938848883453854,
        "p90": 0.010182651697332165,
        "p99": 0.010397687932524357,
        "max": 0.01043827827794444,
        "n": 90
      },
      "gm": {
        "p50": 0.008927304960791766,
        "p90": 0.010236130544284298,
        "p99": 0.010702364125019967,
        "max": 0.013163235326457955,
        "n": 90
      },
      "gds": {
        "p50": 0.00862440478732417,
        "p90": 0.01038502399349423,
        "p99": 0.012754429949664019,
        "max": 0.0167743265174695,
        "n": 90
      },
      "gmb": {
        "p50": 0.011872797354345845,
        "p90": 0.024797338301423437,
        "p99": 0.03585162503072654,
        "max": 0.03978898669020051,
        "n": 90
      },
      "cgg": {
        "p50": 0.10246487124242085,
        "p90": 0.5515612515463849,
        "p99": 0.5977268803508479,
        "max": 0.631860678291021,
        "n": 90
      },
      "cgs": {
        "p50": 0.9999999999998391,
        "p90": 0.9999999999999987,
        "p99": 0.999999999999999,
        "max": 0.999999999999999,
        "n": 90
      },
      "cgd": {
        "p50": 0.9999999999991054,
        "p90": 0.9999999999998296,
        "p99": 0.9999999999999967,
        "max": 0.9999999999999977,
        "n": 90
      },
      "cdb": {
        "p50": 0.9999999999999851,
        "p90": 0.9999999999999927,
        "p99": 0.9999999999999957,
        "max": 0.9999999999999959,
        "n": 90
      },
      "csb": {
        "p50": 32458941511.032722,
        "p90": 3571806590740.935,
        "p99": 10959632412394.215,
        "max": 11058739045857.498,
        "n": 90
      },
      "vth": {
        "p50": 1.8056949499856145e-05,
        "p90": 2.312588824937567e-05,
        "p99": 2.3341721205882848e-05,
        "max": 2.3341721205882848e-05,
        "n": 90,
        "unit": "V"
      },
      "vdsat": {
        "p50": 1.953452251396426e-05,
        "p90": 0.0004039117611064625,
        "p99": 0.0005795743866620856,
        "max": 0.0005819514593457531,
        "n": 90,
        "unit": "V"
      }
    }
  }
}