{
  "n_records": 420,
  "classes": [
    "chip",
    "vanilla"
  ],
  "n_per_class": {
    "chip": 187,
    "vanilla": 167
  },
  "feat_keys": [
    "adj_per_verb",
    "adj_ratio",
    "adv_ratio",
    "avg_word_len",
    "bigram_H",
    "n_sents",
    "n_words",
    "punct_!",
    "punct_\"",
    "punct_'",
    "punct_(",
    "punct_)",
    "punct_,",
    "punct_.",
    "punct_:",
    "punct_;",
    "punct_?",
    "punct_\u2014",
    "sent_len_max",
    "sent_len_mean",
    "sent_len_min",
    "sent_len_std",
    "ttr",
    "verb_ratio",
    "zipf_alpha"
  ],
  "classifier": {
    "fold_accs": [
      0.5774647887323944,
      0.7183098591549296,
      0.647887323943662,
      0.6619718309859155,
      0.7142857142857143
    ],
    "mean_acc": 0.6639839034205232,
    "ci_lo": 0.6189134808853118,
    "ci_hi": 0.7054325955734406,
    "mean_coef": [
      [
        -0.3899833194900637,
        0.4301461302616283,
        0.15283305467004354,
        0.010504060904961036,
        -0.036705155581733415,
        0.1692438808635351,
        -0.742388789329149,
        0.0,
        0.15136106295834248,
        -0.5449258589288596,
        -0.07280032236155923,
        -0.011183124571881937,
        0.5327088965637666,
        0.2686853980453803,
        -0.014930197784124683,
        0.0,
        -0.26701297449903094,
        0.0,
        -0.6266854652075546,
        0.6106055853148622,
        0.19415506381260247,
        0.4787739963267799,
        0.16980389516702948,
        -0.057157927428311404,
        0.05715340025257678
      ]
    ]
  },
  "pre_reg_threshold": 0.75,
  "pre_reg_pass": false,
  "top_tokens_by_class": {
    "chip": [
      [
        "project",
        2.9104510948811897,
        29,
        0
      ],
      [
        "excited",
        2.644747929148184,
        22,
        0
      ],
      [
        "keep",
        2.2818424354588154,
        15,
        0
      ],
      [
        "expedition",
        2.2818424354588154,
        15,
        0
      ],
      [
        "arkansas",
        2.2500937371442356,
        30,
        1
      ],
      [
        "equipment",
        2.2173039143212443,
        14,
        0
      ],
      [
        "own",
        2.03498235752729,
        24,
        1
      ],
      [
        "located",
        1.9941603630070346,
        11,
        0
      ],
      [
        "development",
        1.9296218418694635,
        44,
        3
      ],
      [
        "supply",
        1.907148986017405,
        10,
        0
      ],
      [
        "water",
        1.907148986017405,
        10,
        0
      ],
      [
        "female",
        1.907148986017405,
        10,
        0
      ],
      [
        "'s",
        1.8365314188034516,
        81,
        7
      ],
      [
        "hand",
        1.8118388062130801,
        9,
        0
      ],
      [
        "self",
        1.8118388062130801,
        9,
        0
      ],
      [
        "meet",
        1.8118388062130801,
        9,
        0
      ],
      [
        "staff",
        1.8118388062130801,
        9,
        0
      ],
      [
        "how",
        1.7605455118255293,
        18,
        1
      ],
      [
        "young",
        1.7064782905552538,
        8,
        0
      ],
      [
        "inspired",
        1.7064782905552538,
        8,
        0
      ]
    ],
    "vanilla": [
      [
        "scene",
        3.198796487883176,
        14,
        0
      ],
      [
        "school",
        2.975652936568966,
        11,
        0
      ],
      [
        "civilian",
        2.888641559579336,
        10,
        0
      ],
      [
        "armed",
        2.7933313797750112,
        9,
        0
      ],
      [
        "flower",
        2.687970864117185,
        8,
        0
      ],
      [
        "fantasy",
        2.687970864117185,
        8,
        0
      ],
      [
        "men",
        2.483176451471172,
        21,
        2
      ],
      [
        "fought",
        2.4366564358362788,
        6,
        0
      ],
      [
        "orders",
        2.4366564358362788,
        6,
        0
      ],
      [
        "frontier",
        2.4366564358362788,
        6,
        0
      ],
      [
        "naoyuki",
        2.4366564358362788,
        6,
        0
      ],
      [
        "eventually",
        2.4366564358362788,
        6,
        0
      ],
      [
        "heard",
        2.2825057560090207,
        5,
        0
      ],
      [
        "writer",
        2.2825057560090207,
        5,
        0
      ],
      [
        "do",
        2.2825057560090207,
        17,
        2
      ],
      [
        "algebra",
        2.2825057560090207,
        5,
        0
      ],
      [
        "off",
        2.2825057560090207,
        5,
        0
      ],
      [
        "composed",
        2.225347342169072,
        16,
        2
      ],
      [
        "structure",
        2.1954943790193906,
        10,
        1
      ],
      [
        "make",
        2.1771452403511944,
        26,
        4
      ]
    ]
  },
  "per_class_means": {
    "chip": {
      "adj_per_verb": 0.385846883058548,
      "adj_ratio": 0.028770241886377335,
      "adv_ratio": 0.0065331836231052876,
      "avg_word_len": 4.605647087097168,
      "bigram_H": 3.5594136714935303,
      "n_sents": 3.096256732940674,
      "n_words": 48.60962677001953,
      "punct_!": 0.0,
      "punct_\"": 0.014626861549913883,
      "punct_'": 0.011837092228233814,
      "punct_(": 0.0016571420710533857,
      "punct_)": 0.0016571420710533857,
      "punct_,": 0.03809129074215889,
      "punct_.": 0.05948130041360855,
      "punct_:": 0.0017767810495570302,
      "punct_;": 0.0,
      "punct_?": 0.00020173036318738014,
      "punct_\u2014": 0.0,
      "sent_len_max": 23.946523666381836,
      "sent_len_mean": 16.67007827758789,
      "sent_len_min": 10.133689880371094,
      "sent_len_std": 5.713954448699951,
      "ttr": 0.7147706151008606,
      "verb_ratio": 0.10976962000131607,
      "zipf_alpha": 0.42723503708839417
    },
    "vanilla": {
      "adj_per_verb": 0.347400426864624,
      "adj_ratio": 0.03133515641093254,
      "adv_ratio": 0.00829182006418705,
      "avg_word_len": 4.57245397567749,
      "bigram_H": 3.1449098587036133,
      "n_sents": 2.239521026611328,
      "n_words": 32.70658493041992,
      "punct_!": 0.0,
      "punct_\"": 0.019055629149079323,
      "punct_'": 0.0032518613152205944,
      "punct_(": 0.0016659954562783241,
      "punct_)": 0.002294867066666484,
      "punct_,": 0.0764508843421936,
      "punct_.": 0.07396838814020157,
      "punct_:": 0.002255275845527649,
      "punct_;": 0.0,
      "punct_?": 0.0,
      "punct_\u2014": 0.0,
      "sent_len_max": 20.317365646362305,
      "sent_len_mean": 15.665525436401367,
      "sent_len_min": 11.233532905578613,
      "sent_len_std": 4.08373498916626,
      "ttr": 0.794588565826416,
      "verb_ratio": 0.1132752001285553,
      "zipf_alpha": 0.336213618516922
    }
  }
}