{
  "task": "MEP-2 dense 4D surrogate v3 (extended V_G2 / V_b)",
  "verdict": "PASS",
  "n_total": 24000,
  "n_converged": 23228,
  "conv_rate": 0.9678333333333333,
  "wall_s": 73.36772537231445,
  "node": "ikaros",
  "n_workers": 8,
  "grid_shape": [
    10,
    15,
    8,
    20
  ],
  "axes": {
    "vg1": [
      0.1,
      0.18,
      0.26,
      0.34,
      0.42,
      0.5,
      0.58,
      0.65,
      0.72,
      0.8
    ],
    "vg2": [
      -0.1,
      -0.05,
      0.0,
      0.05,
      0.1,
      0.15,
      0.2,
      0.25,
      0.3,
      0.35,
      0.4,
      0.45,
      0.5,
      0.55,
      0.6
    ],
    "vd": [
      0.25,
      0.5,
      0.75,
      1.0,
      1.5,
      2.0,
      2.5,
      3.0
    ],
    "vb": [
      0.0,
      0.05,
      0.1,
      0.15,
      0.2,
      0.25,
      0.3,
      0.35,
      0.4,
      0.45,
      0.5,
      0.55,
      0.6,
      0.65,
      0.7,
      0.75,
      0.8,
      0.85,
      0.9,
      1.0
    ]
  },
  "conv_by_vg1": {
    "0.1": 0.95625,
    "0.18": 0.95625,
    "0.26": 0.95625,
    "0.34": 0.95625,
    "0.42": 0.9591666666666666,
    "0.5": 0.9629166666666666,
    "0.58": 0.97125,
    "0.65": 0.9808333333333333,
    "0.72": 0.9870833333333333,
    "0.8": 0.9920833333333333
  },
  "conv_by_vg2": {
    "-0.1": 1.0,
    "-0.05": 1.0,
    "0.0": 1.0,
    "0.05": 1.0,
    "0.1": 1.0,
    "0.15": 1.0,
    "0.2": 1.0,
    "0.25": 1.0,
    "0.3": 0.993125,
    "0.35": 0.9775,
    "0.4": 0.95875,
    "0.45": 0.944375,
    "0.5": 0.90125,
    "0.55": 0.8825,
    "0.6": 0.86
  },
  "conv_by_vd": {
    "0.25": 0.9763333333333334,
    "0.5": 0.9603333333333334,
    "0.75": 0.965,
    "1.0": 0.971,
    "1.5": 0.964,
    "2.0": 0.9716666666666667,
    "2.5": 0.9643333333333334,
    "3.0": 0.97
  },
  "conv_by_vb": {
    "0.0": 1.0,
    "0.05": 1.0,
    "0.1": 1.0,
    "0.15": 1.0,
    "0.2": 1.0,
    "0.25": 1.0,
    "0.3": 1.0,
    "0.35": 1.0,
    "0.4": 1.0,
    "0.45": 1.0,
    "0.5": 1.0,
    "0.55": 0.9775,
    "0.6": 0.9791666666666666,
    "0.65": 0.8908333333333334,
    "0.7": 0.9158333333333334,
    "0.75": 0.9491666666666667,
    "0.8": 0.93,
    "0.85": 0.9483333333333334,
    "0.9": 0.8391666666666666,
    "1.0": 0.9266666666666666
  },
  "worst_vg1_vg2_cells": [
    {
      "vg1": 0.5,
      "vg2": 0.6,
      "n_fail": 28
    },
    {
      "vg1": 0.42,
      "vg2": 0.6,
      "n_fail": 28
    },
    {
      "vg1": 0.34,
      "vg2": 0.6,
      "n_fail": 28
    },
    {
      "vg1": 0.26,
      "vg2": 0.6,
      "n_fail": 28
    },
    {
      "vg1": 0.18,
      "vg2": 0.6,
      "n_fail": 28
    },
    {
      "vg1": 0.1,
      "vg2": 0.6,
      "n_fail": 28
    },
    {
      "vg1": 0.5,
      "vg2": 0.55,
      "n_fail": 24
    },
    {
      "vg1": 0.42,
      "vg2": 0.55,
      "n_fail": 24
    },
    {
      "vg1": 0.34,
      "vg2": 0.55,
      "n_fail": 24
    },
    {
      "vg1": 0.26,
      "vg2": 0.55,
      "n_fail": 24
    },
    {
      "vg1": 0.18,
      "vg2": 0.55,
      "n_fail": 24
    },
    {
      "vg1": 0.1,
      "vg2": 0.55,
      "n_fail": 24
    },
    {
      "vg1": 0.58,
      "vg2": 0.6,
      "n_fail": 23
    },
    {
      "vg1": 0.42,
      "vg2": 0.5,
      "n_fail": 21
    },
    {
      "vg1": 0.34,
      "vg2": 0.5,
      "n_fail": 21
    },
    {
      "vg1": 0.26,
      "vg2": 0.5,
      "n_fail": 21
    },
    {
      "vg1": 0.18,
      "vg2": 0.5,
      "n_fail": 21
    },
    {
      "vg1": 0.1,
      "vg2": 0.5,
      "n_fail": 21
    },
    {
      "vg1": 0.58,
      "vg2": 0.55,
      "n_fail": 18
    },
    {
      "vg1": 0.5,
      "vg2": 0.5,
      "n_fail": 18
    }
  ],
  "worst_vd_vb_cells": [
    {
      "vd": 1.0,
      "vb": 0.9,
      "n_fail": 57
    },
    {
      "vd": 2.0,
      "vb": 0.9,
      "n_fail": 56
    },
    {
      "vd": 3.0,
      "vb": 0.9,
      "n_fail": 54
    },
    {
      "vd": 0.75,
      "vb": 0.8,
      "n_fail": 43
    },
    {
      "vd": 0.5,
      "vb": 0.65,
      "n_fail": 41
    },
    {
      "vd": 1.5,
      "vb": 0.65,
      "n_fail": 37
    },
    {
      "vd": 2.5,
      "vb": 0.65,
      "n_fail": 36
    },
    {
      "vd": 0.75,
      "vb": 0.85,
      "n_fail": 36
    },
    {
      "vd": 0.5,
      "vb": 0.7,
      "n_fail": 34
    },
    {
      "vd": 1.5,
      "vb": 0.7,
      "n_fail": 32
    },
    {
      "vd": 1.0,
      "vb": 1.0,
      "n_fail": 30
    },
    {
      "vd": 3.0,
      "vb": 1.0,
      "n_fail": 29
    },
    {
      "vd": 2.5,
      "vb": 0.7,
      "n_fail": 29
    },
    {
      "vd": 2.0,
      "vb": 1.0,
      "n_fail": 29
    },
    {
      "vd": 0.25,
      "vb": 0.55,
      "n_fail": 27
    },
    {
      "vd": 0.75,
      "vb": 0.9,
      "n_fail": 26
    },
    {
      "vd": 0.5,
      "vb": 0.75,
      "n_fail": 22
    },
    {
      "vd": 0.25,
      "vb": 0.6,
      "n_fail": 21
    },
    {
      "vd": 1.5,
      "vb": 0.75,
      "n_fail": 20
    },
    {
      "vd": 2.5,
      "vb": 0.75,
      "n_fail": 19
    }
  ],
  "err_count": {},
  "out_path": "/home/ikaros/Documents/claude_hive/AMD_gfx1151_energy/results/z278_mep2_surrogate_v3/surrogate_4d_v3.npz"
}