{
  "taskA_signature_v2": {
    "ikaros": {
      "n_reps": 10,
      "dim": 290,
      "mean_cv": 1.0,
      "p95_cv": 2.999998000022,
      "within_dist_p95": 0.14505343783487976
    },
    "daedalus": {
      "n_reps": 10,
      "dim": 290,
      "mean_cv": 1.0,
      "p95_cv": 2.7767641041191884,
      "within_dist_p95": 0.4169308482179035
    },
    "cross_host_dist_p50": 0.08396385237780801,
    "cross_host_dist_p5": 0.006260999110329374
  },
  "taskB_constitutive_summary": {
    "A": {
      "mean_nrmse": 0.4329731862270439,
      "std_nrmse": 0.037360820363607605,
      "median_nrmse": 0.4284322823654135,
      "n": 30
    },
    "B": {
      "mean_nrmse": 0.43297318622726433,
      "std_nrmse": 0.03736082036365187,
      "median_nrmse": 0.428432282365794,
      "n": 30
    },
    "C": {
      "mean_nrmse": 1.0273025753453013,
      "std_nrmse": 0.0707892218538849,
      "median_nrmse": 1.028893462209243,
      "n": 30
    },
    "D": {
      "mean_nrmse": 0.8389613216385982,
      "std_nrmse": 0.03323405091046125,
      "median_nrmse": 0.8376983748777935,
      "n": 30
    },
    "contrasts": {
      "B_minus_A": {
        "mean": 3.271661788990769e-05,
        "ci95": [
          -0.0189168967864849,
          0.01885030749406172
        ],
        "rel_reduction_pct": 0.0075562688246147945
      },
      "C_minus_A": {
        "mean": 0.5943618729317767,
        "ci95": [
          0.565618548389063,
          0.6232046353506707
        ],
        "rel_reduction_pct": 57.856554358526616
      },
      "D_minus_A": {
        "mean": 0.40600906023993066,
        "ci95": [
          0.38781257265085517,
          0.4233474105927056
        ]
      },
      "gate_15pct_AB_passed": false,
      "gate_15pct_swap_AC_passed": true
    }
  },
  "taskC_chassi_lock_summary": {
    "own": {
      "mean": 0.7143999999999999,
      "std": 0.0626724819996783,
      "min": 0.571,
      "max": 0.819,
      "n": 10
    },
    "transplant": {
      "mean": 0.2636,
      "std": 0.04089547652247128,
      "min": 0.168,
      "max": 0.324,
      "n": 10
    },
    "spoof_stored": {
      "mean": 0.8992000000000001,
      "std": 0.024074052421642688,
      "min": 0.854,
      "max": 0.939,
      "n": 10
    },
    "spoof_random": {
      "mean": 0.4798,
      "std": 0.08384127861620433,
      "min": 0.372,
      "max": 0.637,
      "n": 10
    },
    "gate_own_gt_0_90": false,
    "gate_transplant_lt_0_30": true,
    "gate_spoof_gt_0_80": true,
    "gate_all_passed": false
  },
  "taskD_drift": {
    "n_captures": 12,
    "interval_s": 120,
    "duration_s": 1324.1277160644531,
    "pairwise_dist_p50": 0.045579860667837924,
    "pairwise_dist_p95": 0.19196905705059158,
    "pairwise_dist_max": 0.25627745664110135,
    "gate_p95_lt_0_05_passed": false,
    "capture_times_s": [
      1.3038899898529053,
      122.59079504013062,
      243.87633609771729,
      365.15905022621155,
      481.45461654663086,
      602.7467830181122,
      724.0219333171844,
      845.3049013614655,
      961.5878949165344,
      1082.873577594757,
      1204.1496751308441,
      1325.431606054306
    ]
  },
  "taskE_classifier": {
    "n_total": 20,
    "n_ikaros": 10,
    "n_daedalus": 10,
    "loo_acc": 1.0,
    "gate_gt_0_95_passed": true,
    "preds": [
      0,
      0,
      0,
      0,
      0,
      0,
      0,
      0,
      0,
      0,
      1,
      1,
      1,
      1,
      1,
      1,
      1,
      1,
      1,
      1
    ],
    "truth": [
      0,
      0,
      0,
      0,
      0,
      0,
      0,
      0,
      0,
      0,
      1,
      1,
      1,
      1,
      1,
      1,
      1,
      1,
      1,
      1
    ]
  },
  "gates": {
    "B_swap_gate": true,
    "B_AB_gate": false,
    "C_own>0.90": false,
    "C_transplant<0.30": true,
    "C_spoof>0.80": true,
    "D_drift_p95<0.05": false,
    "E_loo>0.95": true
  },
  "n_gates_passed": 4,
  "n_gates_total": 7
}