{
  "ppl_base": 19.848229988887006,
  "ik_real": 23.97707533606708,
  "daed_real": 1352.2089722529922,
  "G1_ikaros_daedalus_interp": {
    "1.0": 24.20113859730509,
    "0.875": 31.178892918184836,
    "0.75": 1161.1931571147347,
    "0.625": 3486.685961164125,
    "0.5": 3597.831438999059,
    "0.375": 2074.1046055650004,
    "0.25": 1626.464611385023,
    "0.125": 1367.5727574375096,
    "0.0": 1170.1420778866905
  },
  "G2_dc_only": {
    "median": 2187815.2046470204,
    "vs_real": 91246.12464123341
  },
  "G3_var_scale": {
    "0.0": 5264940.273514771,
    "0.25": 59.08223151857865,
    "0.5": 45.20424039505237,
    "1.0": 24.20766371802639,
    "2.0": 70.3860305689716,
    "4.0": 57.464004125176984
  },
  "G4": {
    "real": 23.97707533606708,
    "dc_only": 2187815.2046470204
  }
}