{"mu": [32350418.0, 289238.6875, 55750.0, 50.0, 32061180.0, 55750.0, 0.0, 0.0, 1923.1500244140625, 517.0999755859375, 280.04998779296875, 225.4166717529297, 204.35000610351562, 146.13333129882812, 111.58333587646484, 85.81666564941406, 515.3811645507812, 591.2420043945312, 65403.06640625, 9699.9013671875, 48104.68359375, 78569.5, 1668755.75, 1767085.875, 1338252.875, 1670610.75, 42549.7734375, 32842.1953125, 30451.2890625, 17209.2265625, 157.46189880371094, 4243.2333984375], "sigma": [8938697.0, 377612.09375, 1134.6805419921875, 284.3120422363281, 8809807.0, 1134.6805419921875, 9.999999974752427e-07, 9.999999974752427e-07, 1279.9141845703125, 176.88241577148438, 131.44154357910156, 108.19770812988281, 103.77344512939453, 107.10438537597656, 112.2560043334961, 103.5051498413086, 236.53781127929688, 401.7511291503906, 7531.904296875, 5373.474609375, 17403.20703125, 9855.0234375, 1462847.375, 1587624.0, 1268056.5, 1496035.875, 31364.189453125, 40453.57421875, 10316.720703125, 9643.0849609375, 78.07512664794922, 1771.9537353515625], "host": "ikaros", "n_samples": 60, "t": 1780311724.5857208}