{
  "VG1": 0.4,
  "VG2": 0.3,
  "Vd": [
    0.0500083,
    0.0999594,
    0.150003,
    0.200064,
    0.300076,
    0.35006,
    0.4001,
    0.500209,
    0.550225,
    0.600188,
    0.700243,
    0.750206,
    0.800235,
    0.900283,
    0.950329,
    1.0003,
    1.05035,
    1.15036,
    1.20035,
    1.25034,
    1.35035,
    1.40033,
    1.45033,
    1.55046,
    1.60047,
    1.65043,
    1.75014,
    1.80017,
    1.85031,
    1.95034
  ],
  "Id_meas": [
    1.08389e-09,
    1.30584e-09,
    1.39418e-09,
    1.46249e-09,
    1.59737e-09,
    1.66791e-09,
    1.73758e-09,
    1.89511e-09,
    1.98474e-09,
    2.06981e-09,
    2.26089e-09,
    2.36451e-09,
    2.473e-09,
    2.69251e-09,
    2.81561e-09,
    2.93931e-09,
    3.07065e-09,
    3.35271e-09,
    3.50878e-09,
    3.67185e-09,
    4.01626e-09,
    4.2039e-09,
    4.40974e-09,
    4.84623e-09,
    5.08814e-09,
    5.36188e-09,
    5.98292e-09,
    6.38574e-09,
    6.88557e-09,
    4.08365e-06
  ],
  "Id_pred": [
    7.1450016266729e-08,
    5.147690136404931e-07,
    2.4777421563551804e-06,
    5.556325134715956e-06,
    7.035454116802836e-06,
    7.079541239479806e-06,
    7.094007262851948e-06,
    7.112740353948492e-06,
    7.121301945859884e-06,
    7.129628810224071e-06,
    7.145754720904127e-06,
    7.153567388874456e-06,
    7.1612462392761495e-06,
    7.176204490399662e-06,
    7.183501824359562e-06,
    7.190672881076884e-06,
    7.197745024489433e-06,
    7.211568959977427e-06,
    7.218341121959024e-06,
    7.22503969868886e-06,
    7.238337526755235e-06,
    7.24504086622819e-06,
    7.251913168396702e-06,
    7.26688107777893e-06,
    7.275510851541895e-06,
    7.285444832702722e-06,
    7.311671317110059e-06,
    7.3297402932425325e-06,
    7.35263995067357e-06,
    7.418666737886518e-06
  ],
  "Vsint": [
    0.043246599466693667,
    0.07777904792945979,
    0.09997547097779623,
    0.11079779023982146,
    0.1157643591976094,
    0.11681559751825334,
    0.11776959390133161,
    0.11957542826014825,
    0.12045037762407779,
    0.12131307146459334,
    0.12301728651666073,
    0.12386006373289055,
    0.12470001292852721,
    0.12637093074133837,
    0.12720342490518194,
    0.1280329678275824,
    0.1288623925279291,
    0.13051627147872216,
    0.13134152195059948,
    0.13216596503629088,
    0.13381333095555548,
    0.13463583314504135,
    0.13545837283835463,
    0.13710581747551542,
    0.13792958982695044,
    0.1387539983871621,
    0.14040744500896293,
    0.14124368128983755,
    0.1420884264014837,
    0.1438025182520799
  ],
  "Vb": [
    0.4332729217115439,
    0.48055731879288127,
    0.5198903610707334,
    0.5394415008327138,
    0.5449039504630102,
    0.545038142129643,
    0.5450758750854587,
    0.545117828441827,
    0.5451360015760156,
    0.5451533112231493,
    0.5451859016048318,
    0.5452012686268416,
    0.5452161107730779,
    0.5452442877984461,
    0.5452576834149173,
    0.5452706237619317,
    0.5452831689288123,
    0.5453070775777786,
    0.545318508618298,
    0.5453296597862841,
    0.5453515518811899,
    0.5453626754818182,
    0.5453743809386432,
    0.5454020634195185,
    0.5454199618114898,
    0.5454424746333624,
    0.5455099368430973,
    0.54556100520913,
    0.5456288972873917,
    0.5458346477242113
  ],
  "components": {
    "Ids_M1": [
      1.0373587957415636e-11,
      1.1146994944892716e-11,
      1.0154610845330872e-11,
      9.216137184562042e-12,
      9.174130546337513e-12,
      9.3037035048047e-12,
      9.428342032374104e-12,
      9.656444623143208e-12,
      9.761923620430824e-12,
      9.862742378045405e-12,
      1.005296985720996e-11,
      1.0142828358967355e-11,
      1.022971911421456e-11,
      1.0394963131347969e-11,
      1.0473658757029603e-11,
      1.0549765030120176e-11,
      1.062362174962336e-11,
      1.0764466433141371e-11,
      1.0831665398455778e-11,
      1.0896827352529712e-11,
      1.102133221809268e-11,
      1.108073901290177e-11,
      1.1138357214062411e-11,
      1.1248442053354274e-11,
      1.1300827964334977e-11,
      1.1351452243533431e-11,
      1.1447364826014765e-11,
      1.1492878921903004e-11,
      1.1536696001077477e-11,
      1.1618525977818425e-11
    ],
    "Ids_M2": [
      1.1195349787973883e-11,
      1.2480959707369342e-11,
      1.2713068738603327e-11,
      1.2781183846455922e-11,
      1.2807014289409481e-11,
      1.2812134721857346e-11,
      1.2816685690854564e-11,
      1.2825062337637762e-11,
      1.2829013896199705e-11,
      1.2832844632469833e-11,
      1.284022885512357e-11,
      1.284379425370893e-11,
      1.284729313415255e-11,
      1.2854097832874699e-11,
      1.2857413759431568e-11,
      1.2860670616669173e-11,
      1.2863881124385786e-11,
      1.2870151007558413e-11,
      1.2873216257018264e-11,
      1.2876237966601807e-11,
      1.2882158784221383e-11,
      1.288505864026159e-11,
      1.2887922447009711e-11,
      1.2893553274855472e-11,
      1.289631813767909e-11,
      1.2899052445051895e-11,
      1.2904441192502435e-11,
      1.2907119820466507e-11,
      1.2909794898216182e-11,
      1.2915131040994998e-11
    ],
    "Ic_Q1": [
      7.145730726021852e-08,
      5.147738006819644e-07,
      2.477742533021541e-06,
      5.556319155848245e-06,
      7.035445026335007e-06,
      7.07953194794626e-06,
      7.093997836265067e-06,
      7.112730697534172e-06,
      7.121292183935107e-06,
      7.129618947475985e-06,
      7.1457446679278056e-06,
      7.15355724603962e-06,
      7.161236009550555e-06,
      7.176194095430051e-06,
      7.183491350694325e-06,
      7.190662331305374e-06,
      7.197734400861204e-06,
      7.211558195504515e-06,
      7.218330290287145e-06,
      7.225028801855027e-06,
      7.238326505416537e-06,
      7.245029785482697e-06,
      7.251902030033009e-06,
      7.2668698293303975e-06,
      7.275499550707451e-06,
      7.285433481243998e-06,
      7.311659869738753e-06,
      7.329728800357121e-06,
      7.352628413970889e-06,
      7.418655119335035e-06
    ],
    "Ib_Q1": [
      1.3818545183454992e-10,
      1.3467526611547086e-10,
      1.3492081463216234e-10,
      1.3925317838858215e-10,
      1.4179208867254051e-10,
      1.4197466342426894e-10,
      1.4210144147927148e-10,
      1.4231879510825097e-10,
      1.4241858577812902e-10,
      1.425138964311281e-10,
      1.426935796527199e-10,
      1.4277838513932856e-10,
      1.4286034194682897e-10,
      1.4301606206858524e-10,
      1.430901523623852e-10,
      1.4316176103821277e-10,
      1.4323121709615877e-10,
      1.4336368015791272e-10,
      1.4342705577574872e-10,
      1.4348890672836661e-10,
      1.4361041078752301e-10,
      1.4367218767623293e-10,
      1.4373722470274467e-10,
      1.4389114929913588e-10,
      1.439907585559367e-10,
      1.441161462467813e-10,
      1.4449253881698707e-10,
      1.4477811864879733e-10,
      1.4515865266191157e-10,
      1.463180000217398e-10
    ],
    "Iii_M1": [
      1.5148943526062636e-25,
      6.139864909706163e-25,
      1.946221699327115e-24,
      4.391970484099026e-24,
      1.161772058133209e-23,
      1.5664238869635343e-23,
      1.983963091052028e-23,
      2.8479640450128625e-23,
      3.2921255873734095e-23,
      3.7433590520391335e-23,
      4.667934720409825e-23,
      2.5821229215408956e-22,
      3.4467112556092596e-21,
      2.20933336831566e-19,
      1.2060372302169644e-18,
      5.4000928981945626e-18,
      2.0581939872870195e-17,
      2.014274689247665e-16,
      5.373047070434562e-16,
      1.3139990468975746e-15,
      6.3249250303079264e-15,
      1.2658111262993731e-14,
      2.4062146113182846e-14,
      7.620257317836828e-14,
      1.279314806980696e-13,
      2.0763140113399658e-13,
      5.001484542023207e-13,
      7.479505619326864e-13,
      1.0940824409333342e-12,
      2.1973942982448377e-12
    ],