{
  "vds_0.05": {
    "Vth_ngspice": 0.5802127663120142,
    "Vth_pyport": 0.5217037466042274,
    "diff": -0.05850901970778688
  },
  "vds_0.5": {
    "Vth_ngspice": 0.572403338230139,
    "Vth_pyport": 0.512864729693589,
    "diff": -0.05953860853655002
  },
  "vds_2.0": {
    "Vth_ngspice": 0.5680161032442167,
    "Vth_pyport": 0.5082362367155965,
    "diff": -0.05977986652862022
  },
  "DIBL_ngspice_mV_per_V": 6.254699009126945,
  "DIBL_pyport_mV_per_V": 6.906415327503015
}