{
  "best_params": {
    "snap_Is": 2.881283248571692e-07,
    "R_body": 387231.03860300966,
    "Bf": 10000.0,
    "C_body": 5.629238987849037e-15
  },
  "best_fitness": 0.5572127667000482,
  "best_fit_transient": 0.5572127667000482,
  "dc_rmse_at_best_inner": 1.4777986167100543,
  "dc_rmse_at_best_full": 1.3732848129732538,
  "per_target_errors_innerloop": {
    "period_s": 0.0006671114076049005,
    "Vd_peak_V": 0.0006671114076050615,
    "Id_peak_A": 0.9999573610137615,
    "rise_s": 0.7352080874429128,
    "fall_s": 0.5810364804606579,
    "Vbody_swing_V": 0.970103145457784,
    "E_spike_J": 0.9308534057415192
  },
  "per_target_errors_hires": {
    "period_s": 0.0001666944490748048,
    "Vd_peak_V": 0.00016669444907505625,
    "Id_peak_A": 0.9999573534245366,
    "rise_s": 0.7463679844076591,
    "fall_s": 0.5850185557242001,
    "Vbody_swing_V": 0.9702158656248535,
    "E_spike_J": 0.9308436661571334
  },
  "measured_hires": {
    "valid": true,
    "period_s": 4.299283213868978e-07,
    "Vd_peak_V": 1.889684947491248,
    "Id_peak_A": 2.0470356222401846e-07,
    "rise_s": 6.594432405400866e-09,
    "fall_s": 3.1538589764960795e-08,
    "Vbody_swing_V": 0.3940431731249706,
    "E_spike_J": 1.38312667685733e-14,
    "n_spikes": 3
  },
  "targets": {
    "period_s": 4.2999999999999996e-07,
    "Vd_peak_V": 1.89,
    "Id_peak_A": 0.0048,
    "rise_s": 2.6e-08,
    "fall_s": 7.6e-08,
    "Vbody_swing_V": 0.19999999999999996,
    "E_spike_J": 2e-13
  },
  "weights": {
    "period_s": 0.25,
    "Vd_peak_V": 0.1,
    "Id_peak_A": 0.15,
    "rise_s": 0.15,
    "fall_s": 0.1,
    "Vbody_swing_V": 0.15,
    "E_spike_J": 0.1
  },
  "convergence_history": [
    1.141549733357627,
    1.1936543778068187,
    1.1888715595851311,
    1.2068489517237122,
    1.1889511131026054,
    1.1889509928113484,
    1.188925182040418,
    1.1886732628659966,
    1.2175539208081216,
    1.203286206812482,
    1.1935486104699216,
    1.0904864051275507,
    1.156748176315335,
    1.188936280157801,
    1.0588496164523422,
    1.1933244581692135,
    1.2252086841311711,
    1.1063371941723585,
    0.9776435047436305,
    1.1673442652563302,
    1.0756202835905728,
    0.7903898282210323,
    1.0357522208637613,
    0.7510622635453718,
    1.1984245009887737,
    0.8855806153085347,
    0.7044574266704516,
    0.610848427060776,
    1.1458629329159338,
    0.6466052605959054,
    0.5969437768045243,
    0.7080524999490538,
    1.1731483108506944,
    0.5938344321622777,
    1.1519056539473318,
    0.596000945061241,
    0.7301726958536936,
    0.5837570466101633,
    0.6478146595955213,
    0.567114944731025,
    0.6742516706659714,
    0.6207298304881202,
    1.1420537030581883,
    0.6974712864160079,
    0.5842694214611825,
    0.6051295015124851,
    0.720811173599805,
    0.657332887353203,
    0.6620572098917812,
    0.6485985941497321,
    1.1885637027642502,
    0.5944638295179044,
    0.5761800734004218,
    0.6412369491516305,
    0.6520708558005984,
    0.5919410491962755,
    0.6645667456407561,
    0.6337095940678231,
    0.6630932805300855,
    0.8603493874769275,
    0.6237266933922917,
    0.6408202304096089,
    0.5572127667000482,
    0.6231469573128364,
    1.2355055060903473,
    0.594772775252617,
    0.585506649739112,
    1.2520621720765854,
    0.5706706450971136,
    0.6583271717640423,
    0.6287878512465022
  ],
  "n_evals": 71,
  "n_within_30_hires": 2,
  "gate_verdict": "INFRA_ONLY",
  "bbo_wall_s": 6071.435215950012
}