{
  "tasks": [
    "narma10",
    "mackey"
  ],
  "seeds": [
    0,
    1,
    2,
    3,
    4
  ],
  "per_core_n": 8,
  "narma10": {
    "per_cond": {
      "baseline": {
        "per_seed": [
          0.5450414045271865,
          0.5967129195780772,
          0.5453215009034461,
          0.6065058474076357,
          0.6306220844657289
        ],
        "median": 0.5967129195780772
      },
      "random_env": {
        "per_seed": [
          0.6215124361671395,
          0.6170512713649997,
          0.5422341287676798,
          0.6309568773272177,
          0.6568531234159086
        ],
        "median": 0.6215124361671395
      },
      "hashed_env": {
        "per_seed": [
          0.6105753481285592,
          0.6307134025864449,
          0.5566158542868845,
          0.6196412694905449,
          0.6576570603032923
        ],
        "median": 0.6196412694905449
      },
      "mapped_env": {
        "per_seed": [
          0.6137776776540352,
          0.6259552467954876,
          0.5517200855175692,
          0.6144216522451466,
          0.6558346824492155
        ],
        "median": 0.6144216522451466
      }
    },
    "win_threshold": 0.5370416276202694,
    "mapped_env_median": 0.6144216522451466,
    "WIN_mapped_vs_both": false,
    "advantage_pct": -2.9677139686519416
  },
  "mackey": {
    "per_cond": {
      "baseline": {
        "per_seed": [
          0.020950248244612755,
          0.019873378996991008,
          0.027854330700866757,
          0.031446786401489006,
          0.018575319908516408
        ],
        "median": 0.020950248244612755
      },
      "random_env": {
        "per_seed": [
          0.018708548505882043,
          0.025726174311994247,
          0.027566203007454597,
          0.02921107508768954,
          0.028299473794092356
        ],
        "median": 0.027566203007454597
      },
      "hashed_env": {
        "per_seed": [
          0.03203368161212772,
          0.029032551012219857,
          0.028009103390726105,
          0.028505560266005252,
          0.0207914066052138
        ],
        "median": 0.028505560266005252
      },
      "mapped_env": {
        "per_seed": [
          0.0245685593869492,
          0.02959676851052846,
          0.028013741678914374,
          0.02830598619253335,
          0.015437873368752854
        ],
        "median": 0.028013741678914374
      }
    },
    "win_threshold": 0.01885522342015148,
    "mapped_env_median": 0.028013741678914374,
    "WIN_mapped_vs_both": false,
    "advantage_pct": -33.715559604970124
  },
  "ANY_WIN": false
}