{
  "per_seed": {
    "A_ik_on_ik": [
      0.17466014623641968,
      1.6508938074111938,
      1.5689860582351685
    ],
    "B_da_on_da": [
      0.17428623139858246,
      1.635241985321045,
      1.5527743101119995
    ],
    "C_ik_on_da": [
      0.17466014623641968,
      1.6508938074111938,
      1.5689860582351685
    ],
    "D_da_on_ik": [
      0.17428623139858246,
      1.635241985321045,
      1.5527743101119995
    ]
  },
  "summary": {
    "A_ik_on_ik": 1.5689860582351685,
    "B_da_on_da": 1.5527743101119995,
    "C_ik_on_da": 1.5689860582351685,
    "D_da_on_ik": 1.5527743101119995
  },
  "gain_A_vs_C_pct": 0.0,
  "gain_B_vs_D_pct": 0.0,
  "WIN": false
}