{
  "host": "ikaros",
  "n_tasks": 5,
  "n_per_task": 1000,
  "thermal": {
    "per_task_acc": [
      0.9833333333333333,
      0.99,
      0.99,
      0.9233333333333333,
      1.0
    ],
    "mean_acc": 0.9773333333333334,
    "lr_log": {
      "used_lrs_mean": 0.030000000000000013,
      "used_lrs_std": 1.3877787807814457e-17
    }
  },
  "constant": {
    "per_task_acc": [
      0.9866666666666667,
      0.99,
      0.9933333333333333,
      0.9266666666666666,
      1.0
    ],
    "mean_acc": 0.9793333333333333,
    "lr": 0.030000000000000013,
    "lr_log": {
      "used_lrs_mean": 0.030000000000000023,
      "used_lrs_std": 1.0408340855860843e-17
    }
  },
  "high_lr_ref": {
    "per_task_acc": [
      0.9766666666666667,
      0.99,
      0.9933333333333333,
      0.9266666666666666,
      1.0
    ],
    "mean_acc": 0.9773333333333334
  },
  "gain_pct_thermal_vs_const": -0.20422055820284796,
  "abs_gain_thermal_vs_const": -0.0019999999999998908,
  "WIN": false
}