{
  "host": "daedalus",
  "n_tasks": 5,
  "n_per_task": 1000,
  "thermal": {
    "per_task_acc": [
      0.6966666666666667,
      0.65,
      0.5833333333333334,
      0.64,
      0.7433333333333333
    ],
    "mean_acc": 0.6626666666666667,
    "lr_log": {
      "used_lrs_mean": 0.0030000000000000005,
      "used_lrs_std": 4.336808689942018e-19
    }
  },
  "constant": {
    "per_task_acc": [
      0.6933333333333334,
      0.65,
      0.5866666666666667,
      0.64,
      0.7433333333333333
    ],
    "mean_acc": 0.6626666666666666,
    "lr": 0.0030000000000000005,
    "lr_log": {
      "used_lrs_mean": 0.003000000000000001,
      "used_lrs_std": 4.336808689942018e-19
    }
  },
  "high_lr_ref": {
    "per_task_acc": [
      0.98,
      0.99,
      0.9933333333333333,
      0.9266666666666666,
      1.0
    ],
    "mean_acc": 0.9780000000000001
  },
  "gain_pct_thermal_vs_const": 1.6753868580862524e-14,
  "abs_gain_thermal_vs_const": 1.1102230246251565e-16,
  "WIN": false
}