{
  "experiment": "z312_hdc_n16k",
  "table": {
    "N8192_sigma0.00": {
      "cell": {
        "N": 8192,
        "Q": 32,
        "vg1": 0.3,
        "vg2": 0.3,
        "vd_high": 2.0,
        "vd_low": 0.5,
        "sigma_noise": 0.0
      },
      "n_seeds": 4,
      "mean_acc": 0.83389888021717,
      "per_seed_test_acc": [
        0.838479809976247,
        0.838479809976247,
        0.8218527315914489,
        0.8367831693247371
      ],
      "min_acc": 0.8218527315914489,
      "max_acc": 0.838479809976247
    },
    "N8192_sigma0.05": {
      "cell": {
        "N": 8192,
        "Q": 32,
        "vg1": 0.3,
        "vg2": 0.3,
        "vd_high": 2.0,
        "vd_low": 0.5,
        "sigma_noise": 0.05
      },
      "n_seeds": 4,
      "mean_acc": 0.8346623685103496,
      "per_seed_test_acc": [
        0.837801153715643,
        0.834407872412623,
        0.832371903630811,
        0.834068544282321
      ],
      "min_acc": 0.832371903630811,
      "max_acc": 0.837801153715643
    },
    "N8192_sigma0.10": {
      "cell": {
        "N": 8192,
        "Q": 32,
        "vg1": 0.3,
        "vg2": 0.3,
        "vd_high": 2.0,
        "vd_low": 0.5,
        "sigma_noise": 0.1
      },
      "n_seeds": 4,
      "mean_acc": 0.8265184933831015,
      "per_seed_test_acc": [
        0.827960637936885,
        0.8242280285035629,
        0.825246012894469,
        0.8286392941974889
      ],
      "min_acc": 0.8242280285035629,
      "max_acc": 0.8286392941974889
    },
    "N16384_sigma0.00": {
      "cell": {
        "N": 16384,
        "Q": 32,
        "vg1": 0.3,
        "vg2": 0.3,
        "vd_high": 2.0,
        "vd_low": 0.5,
        "sigma_noise": 0.0
      },
      "n_seeds": 4,
      "mean_acc": 0.8390736342042755,
      "per_seed_test_acc": [
        0.838479809976247,
        0.8367831693247371,
        0.839497794367153,
        0.841533763148965
      ],
      "min_acc": 0.8367831693247371,
      "max_acc": 0.841533763148965
    },
    "N16384_sigma0.05": {
      "cell": {
        "N": 16384,
        "Q": 32,
        "vg1": 0.3,
        "vg2": 0.3,
        "vd_high": 2.0,
        "vd_low": 0.5,
        "sigma_noise": 0.05
      },
      "n_seeds": 4,
      "mean_acc": 0.8409399389209364,
      "per_seed_test_acc": [
        0.839837122497455,
        0.841533763148965,
        0.838479809976247,
        0.843909060061079
      ],
      "min_acc": 0.838479809976247,
      "max_acc": 0.843909060061079
    },
    "N16384_sigma0.10": {
      "cell": {
        "N": 16384,
        "Q": 32,
        "vg1": 0.3,
        "vg2": 0.3,
        "vd_high": 2.0,
        "vd_low": 0.5,
        "sigma_noise": 0.1
      },
      "n_seeds": 4,
      "mean_acc": 0.8363590091618596,
      "per_seed_test_acc": [
        0.835425856803529,
        0.837801153715643,
        0.836443841194435,
        0.835765184933831
      ],
      "min_acc": 0.835425856803529,
      "max_acc": 0.837801153715643
    }
  },
  "priors": {
    "z293_N64_sigma0.00": {
      "cell": {
        "N": 64,
        "Q": 32,
        "vg1": 0.3,
        "vg2": 0.3,
        "vd_high": 2.0,
        "vd_low": 0.5,
        "sigma_noise": 0.0
      },
      "n_seeds": 4,
      "mean_acc": 0.5943332202239565,
      "per_seed_test_acc": [
        0.5626060400407193,
        0.6481167288768239,
        0.5622667119104173,
        0.6043434000678656
      ],
      "min_acc": 0.5622667119104173,
      "max_acc": 0.6481167288768239
    },
    "z293_N128_sigma0.00": {
      "cell": {
        "N": 128,
        "Q": 32,
        "vg1": 0.3,
        "vg2": 0.3,
        "vd_high": 2.0,
        "vd_low": 0.5,
        "sigma_noise": 0.0
      },
      "n_seeds": 4,
      "mean_acc": 0.6573634204275536,
      "per_seed_test_acc": [
        0.6857821513403461,
        0.6898540889039702,
        0.6392941974889719,
        0.6145232439769257
      ],
      "min_acc": 0.6145232439769257,
      "max_acc": 0.6898540889039702
    },
    "z293_N512_sigma0.00": {
      "cell": {
        "N": 512,
        "Q": 32,
        "vg1": 0.3,
        "vg2": 0.3,
        "vd_high": 2.0,
        "vd_low": 0.5,
        "sigma_noise": 0.0
      },
      "n_seeds": 4,
      "mean_acc": 0.7556837461825586,
      "per_seed_test_acc": [
        0.7302341364099084,
        0.7607736681370886,
        0.7709535120461486,
        0.7607736681370886
      ],
      "min_acc": 0.7302341364099084,
      "max_acc": 0.7709535120461486
    },
    "z293_N1024_sigma0.00": {
      "cell": {
        "N": 1024,
        "Q": 32,
        "vg1": 0.3,
        "vg2": 0.3,
        "vd_high": 2.0,
        "vd_low": 0.5,
        "sigma_noise": 0.0
      },
      "n_seeds": 4,
      "mean_acc": 0.8056498133695283,
      "per_seed_test_acc": [
        0.8042076688157448,
        0.8113335595520869,
        0.7848659653885307,
        0.8221920597217509
      ],
      "min_acc": 0.7848659653885307,
      "max_acc": 0.8221920597217509
    },
    "z302_N1024_sigma_te0.05": {
      "cell": {
        "N": 1024,
        "Q": 32,
        "vg1": 0.3,
        "vg2": 0.3,
        "vd_high": 2.0,
        "vd_low": 0.5,
        "sigma_train": 0.0,
        "sigma_test": 0.05
      },
      "n_seeds": 4,
      "mean_acc": 0.7750254496097726,
      "per_seed_test_acc": [
        0.7841873091279267,
        0.7689175432643366,
        0.7872412623006447,
        0.7597556837461825
      ],
      "min_acc": 0.7597556837461825,
      "max_acc": 0.7872412623006447
    },
    "z302_N2048_sigma_te0.05": {
      "cell": {
        "N": 2048,
        "Q": 32,
        "vg1": 0.3,
        "vg2": 0.3,
        "vd_high": 2.0,
        "vd_low": 0.5,
        "sigma_train": 0.0,
        "sigma_test": 0.05
      },
      "n_seeds": 4,
      "mean_acc": 0.8039531727180184,
      "per_seed_test_acc": [
        0.8242280285035629,
        0.8055649813369529,
        0.7977604343400068,
        0.7882592466915507
      ],
      "min_acc": 0.7882592466915507,
      "max_acc": 0.8242280285035629
    },
    "z302_N4096_sigma_te0.05": {
      "cell": {
        "N": 4096,
        "Q": 32,
        "vg1": 0.3,
        "vg2": 0.3,
        "vd_high": 2.0,
        "vd_low": 0.5,
        "sigma_train": 0.0,
        "sigma_test": 0.05
      },
      "n_seeds": 4,
      "mean_acc": 0.8193077706141839,
      "per_seed_test_acc": [
        0.827960637936885,
        0.8262639972853749,
        0.8059043094672549,
        0.8171021377672208
      ],
      "min_acc": 0.8059043094672549,
      "max_acc": 0.827960637936885
    },
    "z293_N128_sigma0p05": {
      "cell": {
        "N": 128,
        "Q": 32,
        "vg1": 0.3,
        "vg2": 0.3,
        "vd_high": 2.0,
        "vd_low": 0.5,
        "sigma_noise": 0.05
      },
      "n_seeds": 4,
      "mean_acc": 0.5909399389209364,
      "per_seed_test_acc": [
        0.5598914149983033,
        0.6053613844587716,
        0.5853410247709535,
        0.6131659314557176
      ],
      "min_acc": 0.5598914149983033,
      "max_acc": 0.6131659314557176
    },
    "z293_N128_sigma0p10": {
      "cell": {
        "N": 128,
        "Q": 32,
        "vg1": 0.3,
        "vg2": 0.3,
        "vd_high": 2.0,
        "vd_low": 0.5,
        "sigma_noise": 0.1
      },
      "n_seeds": 4,
      "mean_acc": 0.5486087546657619,
      "per_seed_test_acc": [
        0.5364777740074652,
        0.5605700712589073,
        0.5531048523922634,
        0.5442823210044113
      ],
      "min_acc": 0.5364777740074652,
      "max_acc": 0.5605700712589073
    }
  },
  "gates": {
    "AMBITIOUS": true,
    "PASS": true,
    "details": [
      "AMBITIOUS hit: N8192_sigma0.00=0.8339>0.82 (sigma=0)",
      "AMBITIOUS hit: N8192_sigma0.10=0.8265>0.80 (sigma=0.10)",
      "AMBITIOUS hit: N16384_sigma0.00=0.8391>0.82 (sigma=0)",
      "AMBITIOUS hit: N16384_sigma0.10=0.8364>0.80 (sigma=0.10)",
      "PASS check (sigma=0): N=1024:0.8056 -> N=8192:0.8339 -> N=16384:0.8391  monotone=True"
    ]
  }
}