{
  "converged": true,
  "niter": 3,
  "Vsint": 0.3063048436387744,
  "Vb": 0.3419135443406875,
  "Vbe": 0.035608700701913076,
  "Vbc": -1.1580864556593125,
  "Id_node": 1.2526685718441918e-11,
  "Ids_M1": 1.2506589658611192e-11,
  "Ids_M2": 1.251849259523662e-11,
  "Ic_Q1": 2.00895798307261e-14,
  "Ib_Q1": -4.851898399516168e-17,
  "Ibs_M2": 6.102611469405039e-13,
  "Ibd_M2": 1.9193967422703487e-16,
  "Ibs_M1": 8.569571300795008e-19,
  "Ibd_M1": -6.4799999999999894e-18,
  "Igidl_M1": 0.0,
  "Igisl_M1": 0.0,
  "Igidl_M2": 0.0,
  "Igisl_M2": 0.0,
  "Iii_M1": 2.0312749619919153e-16,
  "Iii_M2": 2.3825100623490663e-25,
  "Igb_M1": 0.0,
  "Igb_M2": 0.0,
  "Id_meas_at_Vd1.5": 2.07e-05
}