{
  "host": "ikaros",
  "ckpt": "results/IDENTITY_EMBODIED_V11_2026-06-10/v11_best_ikaros.pt",
  "tag": "ikaros-v11",
  "ppl_base": 19.848229988887006,
  "real_local_live": {
    "median": 20.012605692953915,
    "min": 19.98666322263389,
    "max": 87369.21043698257
  },
  "knock": {
    "median": 55250.83086946132,
    "min": 1307.8799150366415,
    "max": 4159767.153264475
  },
  "shuffle": {
    "median": 129369.7122756506,
    "min": 54861.24016868267,
    "max": 220813.9223341347
  },
  "zero": 19.839198299804,
  "n_win": 12
}