{
  "host": "ikaros",
  "n_cycles": 18,
  "cohen_d": [
    3.2664363384246826,
    0.21346747875213623,
    -3.5816233158111572,
    0.7490541934967041,
    -2.8704745769500732,
    -4.818933963775635,
    0.047473661601543427,
    29.531517028808594,
    0.7335901856422424,
    -4.075472831726074
  ],
  "pct_shift": [
    11.15897274017334,
    4.449618816375732,
    -58.60091018676758,
    183.3084259033203,
    -76.7131576538086,
    -75.73976135253906,
    9.51699161529541,
    601.085693359375,
    15.555371284484863,
    -31.25183868408203
  ],
  "monotonicity_vs_intensity": [
    -0.36510235658064516,
    0.928149655527895,
    -0.6369795563081035,
    0.2016426361979603,
    0.4703890408413328,
    0.9711841847476633,
    0.8659868701979282,
    -0.008322438024108555,
    0.9267541843638774,
    0.7146815166763977
  ],
  "ranked_channels_by_effect": [
    7,
    5,
    9,
    2,
    0,
    4,
    3,
    8,
    1,
    6
  ],
  "best_channel": 7,
  "best_cohen_d": 29.531517028808594,
  "best_monotonic_channel": 5,
  "best_monotonicity": 0.9711841847476633
}