{
  "K1=0.41825__ALPHA0=7.8420e-05": {
    "label": "K1=0.41825__ALPHA0=7.8420e-05",
    "median_dec_all": {
      "median": 1.1634943709139112,
      "ci95_lo": 1.1337578092161436,
      "ci95_hi": 1.415315930063886,
      "n": 66
    },
    "median_dec_VG1=0.2": {
      "median": 0.6308014499376018,
      "ci95_lo": 0.48251684202586453,
      "ci95_hi": 0.7636531995065461,
      "n": 14
    },
    "median_dec_VG1=0.4": {
      "median": 1.4113726661745711,
      "ci95_lo": 0.32521385675487835,
      "ci95_hi": 1.4153746065191068,
      "n": 22
    },
    "median_dec_VG1=0.6": {
      "median": 1.7316692258861455,
      "ci95_lo": 1.1592930398671355,
      "ci95_hi": 1.9124829040054117,
      "n": 30
    },
    "median_dec_fwd": {
      "median": 1.1507672535287545,
      "ci95_lo": 0.522081779834151,
      "ci95_hi": 1.415453678576866,
      "n": 33
    },
    "median_dec_bwd": {
      "median": 1.1678254815701017,
      "ci95_lo": 1.0675774494653663,
      "ci95_hi": 1.4161133339804328,
      "n": 33
    },
    "triode_rmse_VG1=0.6": {
      "median": 1.1834782385036529,
      "ci95_lo": 1.182630411252866,
      "ci95_hi": 1.187836561516818,
      "n": 30
    },
    "k1_vg1_0p6": 0.41825,
    "alpha0": 7.842e-05,
    "nan_count": 0,
    "runtime_s": 142.69160771369934,
    "n_rows": 66,
    "n_finite": 66,
    "convergence_rate": 1.0,
    "worst_VG1=0.2": {
      "n": 14,
      "median_dec": 0.6308014499376018,
      "max_dec": 1.0675774494653663,
      "Imeas_over_Ipred_med": 288.77856398343147,
      "Imeas_over_Ipred_max": 767.2493986078798
    },
    "worst_VG1=0.4": {
      "n": 22,
      "median_dec": 1.4113726661745711,
      "max_dec": 1.4168249919311169,
      "Imeas_over_Ipred_med": 108.98973519847047,
      "Imeas_over_Ipred_max": 138.8783748785792
    },
    "worst_VG1=0.6": {
      "n": 30,
      "median_dec": 1.7316692258861455,
      "max_dec": 1.9891698823537478,
      "Imeas_over_Ipred_med": 45.79083797308658,
      "Imeas_over_Ipred_max": 65.54068326003804
    }
  },
  "K1=0.41825__ALPHA0=7.8376e-04": {
    "label": "K1=0.41825__ALPHA0=7.8376e-04",
    "median_dec_all": {
      "median": 1.163494370913838,
      "ci95_lo": 1.1329339279664041,
      "ci95_hi": 1.3756539243611947,
      "n": 66
    },
    "median_dec_VG1=0.2": {
      "median": 0.6348812228051308,
      "ci95_lo": 0.4795822477162961,
      "ci95_hi": 0.7636531995065461,
      "n": 14
    },
    "median_dec_VG1=0.4": {
      "median": 1.4108725325820122,
      "ci95_lo": 0.3252469593945868,
      "ci95_hi": 1.4148720724762485,
      "n": 22
    },
    "median_dec_VG1=0.6": {
      "median": 1.2953690020056006,
      "ci95_lo": 1.163494370913838,
      "ci95_hi": 1.4856479651695556,
      "n": 30
    },
    "median_dec_fwd": {
      "median": 1.150767253528553,
      "ci95_lo": 0.5302413255698362,
      "ci95_hi": 1.4123664606055888,
      "n": 33
    },
    "median_dec_bwd": {
      "median": 1.1678254815700537,
      "ci95_lo": 1.1401764754200494,
      "ci95_hi": 1.4127820160909499,
      "n": 33
    },
    "triode_rmse_VG1=0.6": {
      "median": 1.1834782385036107,
      "ci95_lo": 1.182630411252822,
      "ci95_hi": 1.1879518216508638,
      "n": 30
    },
    "k1_vg1_0p6": 0.41825,
    "alpha0": 0.000783756,
    "nan_count": 0,
    "runtime_s": 147.92579698562622,
    "n_rows": 66,
    "n_finite": 66,
    "convergence_rate": 1.0,
    "worst_VG1=0.2": {
      "n": 14,
      "median_dec": 0.6348812228051308,
      "max_dec": 1.064642136004478,
      "Imeas_over_Ipred_med": 139.18187429650948,
      "Imeas_over_Ipred_max": 376.1934879102288
    },
    "worst_VG1=0.4": {
      "n": 22,
      "median_dec": 1.4108725325820122,
      "max_dec": 1.4163112409938936,
      "Imeas_over_Ipred_med": 38.384044406271656,
      "Imeas_over_Ipred_max": 50.96297117630874
    },
    "worst_VG1=0.6": {
      "n": 30,
      "median_dec": 1.2953690020056006,
      "max_dec": 1.7428154263592281,
      "Imeas_over_Ipred_med": 17.589823037899862,
      "Imeas_over_Ipred_max": 25.50141614941974
    }
  },
  "K1=0.53825__ALPHA0=7.8420e-05": {
    "label": "K1=0.53825__ALPHA0=7.8420e-05",
    "median_dec_all": {
      "median": 0.8825963117849005,
      "ci95_lo": 0.4843776212331683,
      "ci95_hi": 1.0594171627420843,
      "n": 66
    },
    "median_dec_VG1=0.2": {
      "median": 0.6308014499376018,
      "ci95_lo": 0.483434618310185,
      "ci95_hi": 0.7636531995065461,
      "n": 14
    },
    "median_dec_VG1=0.4": {
      "median": 1.4113726661745711,
      "ci95_lo": 0.32459494499119135,
      "ci95_hi": 1.4153748614641386,
      "n": 22
    },
    "median_dec_VG1=0.6": {
      "median": 0.926545106206953,
      "ci95_lo": 0.4223698442199475,
      "ci95_hi": 1.104752476203208,
      "n": 30
    },
    "median_dec_fwd": {
      "median": 0.496448181705226,
      "ci95_lo": 0.4223271940032882,
      "ci95_hi": 1.1046412843709943,
      "n": 33
    },
    "median_dec_bwd": {
      "median": 1.013774564870955,
      "ci95_lo": 0.7485176268293419,
      "ci95_hi": 1.172357572653974,
      "n": 33
    },
    "triode_rmse_VG1=0.6": {
      "median": 0.42534249825046266,
      "ci95_lo": 0.4186414815628004,
      "ci95_hi": 0.4307048801518011,
      "n": 30
    },
    "k1_vg1_0p6": 0.53825,
    "alpha0": 7.842e-05,
    "nan_count": 0,
    "runtime_s": 143.21283745765686,
    "n_rows": 66,
    "n_finite": 66,
    "convergence_rate": 1.0,
    "worst_VG1=0.2": {
      "n": 14,
      "median_dec": 0.6308014499376018,
      "max_dec": 1.0675774494653663,
      "Imeas_over_Ipred_med": 288.77856398343147,
      "Imeas_over_Ipred_max": 767.2493986078798
    },
    "worst_VG1=0.4": {
      "n": 22,
      "median_dec": 1.4113726661745711,
      "max_dec": 1.4168249919311169,
      "Imeas_over_Ipred_med": 108.98973519847047,
      "Imeas_over_Ipred_max": 138.8783748785792
    },
    "worst_VG1=0.6": {
      "n": 30,
      "median_dec": 0.926545106206953,
      "max_dec": 1.1829390705245437,
      "Imeas_over_Ipred_med": 7.627941110469383,
      "Imeas_over_Ipred_max": 9.64991497333567
    }
  },
  "K1=0.53825__ALPHA0=7.8376e-04": {
    "label": "K1=0.53825__ALPHA0=7.8376e-04",
    "median_dec_all": {
      "median": 0.6648666388478048,
      "ci95_lo": 0.48437144596104653,
      "ci95_hi": 0.7686396833860188,
      "n": 66
    },
    "median_dec_VG1=0.2": {
      "median": 0.6348812228051308,
      "ci95_lo": 0.4795822477162961,
      "ci95_hi": 0.7631443295667053,
      "n": 14
    },
    "median_dec_VG1=0.4": {
      "median": 1.4108725325820122,
      "ci95_lo": 0.32438103446065014,
      "ci95_hi": 1.4149197336234858,
      "n": 22
    },
    "median_dec_VG1=0.6": {
      "median": 0.6171550768450804,
      "ci95_lo": 0.42258059920802316,
      "ci95_hi": 0.7252349080724478,
      "n": 30
    },
    "median_dec_fwd": {
      "median": 0.5059914934623251,
      "ci95_lo": 0.42353777576597285,
      "ci95_hi": 0.7250755515027967,
      "n": 33
    },
    "median_dec_bwd": {
      "median": 0.7626093637325138,
      "ci95_lo": 0.6172125744553156,
      "ci95_hi": 0.8976808112356878,
      "n": 33
    },
    "triode_rmse_VG1=0.6": {
      "median": 0.4253424982501913,
      "ci95_lo": 0.4187888931040771,
      "ci95_hi": 0.43081505945251336,
      "n": 30
    },
    "k1_vg1_0p6": 0.53825,
    "alpha0": 0.000783756,
    "nan_count": 0,
    "runtime_s": 145.74339938163757,
    "n_rows": 66,
    "n_finite": 66,
    "convergence_rate": 1.0,
    "worst_VG1=0.2": {
      "n": 14,
      "median_dec": 0.6348812228051308,
      "max_dec": 1.064642136004478,
      "Imeas_over_Ipred_med": 139.18187429650948,
      "Imeas_over_Ipred_max": 376.1934879102288
    },
    "worst_VG1=0.4": {
      "n": 22,
      "median_dec": 1.4108725325820122,
      "max_dec": 1.4163112409938936,
      "Imeas_over_Ipred_med": 38.384044406271656,
      "Imeas_over_Ipred_max": 50.96297117630874
    },
    "worst_VG1=0.6": {
      "n": 30,
      "median_dec": 0.6171550768450804,
      "max_dec": 0.9693116851061774,