{
  "vds_0.05": {
    "Vth_ngspice": 0.5802127663120142,
    "Vth_pyport": 0.5242031870718897,
    "diff": -0.05600957924012451
  },
  "vds_0.5": {
    "Vth_ngspice": 0.572403338230139,
    "Vth_pyport": 0.5154000112524555,
    "diff": -0.05700332697768351
  },
  "vds_2.0": {
    "Vth_ngspice": 0.5680161032442167,
    "Vth_pyport": 0.5108006033580188,
    "diff": -0.057215499886197896
  },
  "DIBL_ngspice_mV_per_V": 6.254699009126945,
  "DIBL_pyport_mV_per_V": 6.873119853267144
}