{
  "Vds": 0.05,
  "vgs_array": [
    0.3,
    0.325,
    0.35000000000000003,
    0.37500000000000006,
    0.4000000000000001,
    0.4250000000000001,
    0.4500000000000001,
    0.47500000000000014,
    0.5000000000000002,
    0.5250000000000001,
    0.5500000000000003,
    0.5750000000000002,
    0.6000000000000003,
    0.6250000000000002,
    0.6500000000000004,
    0.6750000000000003,
    0.7000000000000004,
    0.7250000000000003,
    0.7500000000000004,
    0.7750000000000004,
    0.8000000000000005,
    0.8250000000000004
  ],
  "fields": {
    "Ids": [
      6.387757041358975e-11,
      1.3432464117625584e-10,
      2.777103918607634e-10,
      5.617408690481961e-10,
      1.1063039299550919e-09,
      2.112982981900667e-09,
      3.905488639112844e-09,
      6.985369705250488e-09,
      1.210453681157643e-08,
      2.0333383216460197e-08,
      3.3053372084181533e-08,
      5.176585146778936e-08,
      7.768726460480345e-08,
      1.1131898249073311e-07,
      1.5228775545112951e-07,
      1.9954074861731318e-07,
      2.5170651579264277e-07,
      3.074119318379344e-07,
      3.6546760133977936e-07,
      4.2493343253692316e-07,
      4.851101779541707e-07,
      5.454984253386333e-07
    ],
    "Vgsteff": [
      6.120804806718976e-05,
      0.00012856877326628493,
      0.00026521623528694973,
      0.0005341232470848009,
      0.0010433096013429104,
      0.0019638279276744603,
      0.0035429135337310272,
      0.006104734016780871,
      0.010034064209180257,
      0.015742038043182787,
      0.023614375349277746,
      0.033945592396469826,
      0.046874035338269476,
      0.06234466694982093,
      0.08012149305088936,
      0.09984624865651315,
      0.1211157022089895,
      0.14354704258616605,
      0.16681605409948272,
      0.19066939005260125,
      0.2149201638529173,
      0.23943610581750846
    ],
    "Vdseff": [
      0.02778068080455088,
      0.027806754203115867,
      0.0278595523253468,
      0.02796308474452483,
      0.028157789355076655,
      0.028505337585784902,
      0.02908822906228234,
      0.029998299532434537,
      0.031309743105350875,
      0.033038460183690097,
      0.035102725733806274,
      0.037317890985021765,
      0.039453936826330215,
      0.04132885328928155,
      0.04286446803577321,
      0.04407173941872261,
      0.04500330572829784,
      0.04571957316497744,
      0.0462732423216895,
      0.046705576752561456,
      0.047047397395779955,
      0.04732128472219799
    ],
    "Vth": [
      0.5863888229042562,
      0.5863888229042562,
      0.5863888229042562,
      0.5863888229042562,
      0.5863888229042562,
      0.5863888229042562,
      0.5863888229042562,
      0.5863888229042562,
      0.5863888229042562,
      0.5863888229042562,
      0.5863888229042562,
      0.5863888229042562,
      0.5863888229042562,
      0.5863888229042562,
      0.5863888229042562,
      0.5863888229042562,
      0.5863888229042562,
      0.5863888229042562,
      0.5863888229042562,
      0.5863888229042562,
      0.5863888229042562,
      0.5863888229042562
    ],
    "n": [
      1.2298055204938627,
      1.2298055204938627,
      1.2298055204938627,
      1.2298055204938627,
      1.2298055204938627,
      1.2298055204938627,
      1.2298055204938627,
      1.2298055204938627,
      1.2298055204938627,
      1.2298055204938627,
      1.2298055204938627,
      1.2298055204938627,
      1.2298055204938627,
      1.2298055204938627,
      1.2298055204938627,
      1.2298055204938627,
      1.2298055204938627,
      1.2298055204938627,
      1.2298055204938627,
      1.2298055204938627,
      1.2298055204938627,
      1.2298055204938627
    ],
    "Vgs_eff": [
      0.3,
      0.325,
      0.35000000000000003,
      0.37500000000000006,
      0.4000000000000001,
      0.4250000000000001,
      0.4500000000000001,
      0.47500000000000014,
      0.5000000000000002,
      0.5250000000000001,
      0.5500000000000003,
      0.5750000000000002,
      0.6000000000000003,
      0.6250000000000002,
      0.6500000000000004,
      0.6750000000000003,
      0.7000000000000004,
      0.7250000000000003,
      0.7500000000000004,
      0.7750000000000004,
      0.8000000000000005,
      0.8250000000000004
    ],
    "log10_Id": [
      -10.194651610630572,
      -9.871844310896103,
      -9.556407868743278,
      -9.25046397819537,
      -8.956125544849126,
      -8.675104000768982,
      -8.408324621199188,
      -8.155810603622635,
      -7.917051824481245,
      -7.691790354269215,
      -7.480784227468886,
      -7.285956638124943,
      -7.109650169940134,
      -6.953430771981181,
      -6.817335014285664,
      -6.699968402771411,
      -6.599105541955955,
      -6.512279279872034,
      -6.437151117154857,
      -6.371679098528966,
      -6.314159613473373,
      -6.263206498728672
    ],
    "log10_Id_ngspice": [
      -11.227202580365667,
      -10.876199445517736,
      -10.527485155795707,
      -10.182081455360569,
      -9.84137330501301,
      -9.507142889979741,
      -9.181512018801966,
      -8.866731546492934,
      -8.564818287147641,
      -8.277210941136397,
      -8.004803426484756,
      -7.748597116560035,
      -7.510589553715533,
      -7.293923045916509,
      -7.101723305965511,
      -6.935427188757968,
      -6.794072250446757,
      -6.674905510893375,
      -6.574458803784156,
      -6.489337026502458,
      -6.416587774564818,
      -6.353794745622512
    ],
    "dec_diff": [
      1.0325509697350945,
      1.0043551346216333,
      0.9710772870524291,
      0.931617477165199,
      0.8852477601638835,
      0.8320388892107591,
      0.7731873976027774,
      0.7109209428702989,
      0.6477664626663966,
      0.5854205868671825,
      0.5240191990158696,
      0.46264047843509193,
      0.40093938377539917,
      0.340492273935328,
      0.28438829167984725,
      0.23545878598655712,
      0.1949667084908029,
      0.16262623102134022,
      0.13730768662929815,
      0.11765792797349217,
      0.1024281610914457,
      0.09058824689383993
    ]
  }
}