{"mu": [60212116.0, 6668979.5, 83766.6640625, 16.66666603088379, 53543136.0, 83766.6640625, 0.0, 0.0, 1125.61669921875, 384.4166564941406, 152.26666259765625, 137.0, 106.66666412353516, 100.71666717529297, 78.44999694824219, 61.93333435058594, 333.6839294433594, 347.8362121582031, 57702.01953125, 5439.427734375, 47669.58203125, 64787.81640625, 2148429.25, 2179190.25, 2279783.25, 2363420.5, 132956.03125, 128448.0546875, 95126.8515625, 106124.2421875, 225.28907775878906, 1379.5], "sigma": [7338431.0, 2332555.0, 422.95257568359375, 128.01910400390625, 6954841.0, 422.95257568359375, 9.999999974752427e-07, 9.999999974752427e-07, 741.0234375, 185.88449096679688, 72.90264892578125, 67.34735870361328, 78.07937622070312, 90.8994140625, 91.25630950927734, 81.45773315429688, 201.7817840576172, 242.60838317871094, 4927.13134765625, 5352.27294921875, 14182.85546875, 10002.8046875, 2238251.25, 2011929.875, 2016513.25, 2163656.5, 248665.640625, 285947.28125, 170099.625, 227251.421875, 97.8947982788086, 2807.73583984375], "host": "ikaros", "n_samples": 60, "t": 1780323180.3206825}