{
  "host": "ikaros",
  "conditions": {
    "own_substrate": {
      "f1_per_seed": [
        0.6923076923076922,
        0.6870229007633589,
        0.6201550387596898,
        0.6277372262773723,
        0.6065573770491803,
        0.6929133858267716,
        0.6046511627906976,
        0.6356589147286822,
        0.6567164179104477,
        0.608
      ],
      "mean": 0.6431720116413893,
      "std": 0.034468665145100164
    },
    "transplant": {
      "f1_per_seed": [
        0.9279999999999999,
        0.8346456692913385,
        0.8759124087591241,
        0.8444444444444443,
        0.9104477611940298,
        0.859375,
        0.8769230769230768,
        0.8387096774193548,
        0.9291338582677166,
        0.8461538461538461
      ],
      "mean": 0.8743745742452932,
      "std": 0.0345716361161045
    },
    "alien_substrate": {
      "f1_per_seed": [
        0.5970149253731343,
        0.5280000000000001,
        0.5079365079365079,
        0.7142857142857143,
        0.6165413533834586,
        0.5797101449275363,
        0.5942028985507246,
        0.59375,
        0.5846153846153846,
        0.5254237288135593
      ],
      "mean": 0.584148065788602,
      "std": 0.055473645670048546
    },
    "no_coupling_control": {
      "f1_per_seed": [
        0.0,
        0.0,
        0.0,
        0.0,
        0.0,
        0.0,
        0.0,
        0.0,
        0.0,
        0.0
      ],
      "mean": 0.0,
      "std": 0.0
    }
  },
  "gates": {
    "own_ge_0.7": false,
    "transplant_le_0.5": false,
    "own_minus_transplant": -0.23120256260390393,
    "own_minus_nocoup": 0.6431720116413893
  }
}