{
  "host": "ikaros",
  "n_seeds": 30,
  "cells": {
    "A_own_own": {
      "mean": 0.7678906912717901,
      "std": 0.03930066944535882,
      "ci95": [
        0.7540611463819981,
        0.7821522254964965
      ],
      "per_seed": [
        0.7813210232698264,
        0.8632309700190174,
        0.765512908791685,
        0.7573729413465233,
        0.8136312508455763,
        0.7427877935627818,
        0.7887011182120368,
        0.7877865259793764,
        0.7901371021906511,
        0.7627657760975828,
        0.8214882094488722,
        0.7401149694908373,
        0.7741752547573025,
        0.7339891833621891,
        0.822970192703864,
        0.8452918618895348,
        0.7521169037390351,
        0.7809118496841316,
        0.7873231939528129,
        0.7406508136252868,
        0.7757884290434852,
        0.7701508730525821,
        0.7612398792670231,
        0.7460438801435604,
        0.7064241940832797,
        0.7436122836997796,
        0.7105974300819892,
        0.6863899051127668,
        0.7672926787854111,
        0.7169013419149063
      ]
    },
    "B_other_own": {
      "mean": 1001.8109696964995,
      "std": 338.76738810725357,
      "ci95": [
        885.4247357635944,
        1128.0584444042438
      ],
      "per_seed": [
        920.0260751658574,
        927.0554478200504,
        1141.6586050779965,
        1016.7440529149166,
        2299.0588976371437,
        1092.402915026859,
        927.8372724716453,
        671.0525300221368,
        1178.8559250028204,
        839.5973053288902,
        831.6472186113508,
        530.9162932009237,
        1289.4887494527547,
        727.8823368731048,
        1348.8126460906715,
        792.0467134388907,
        584.2137000265413,
        661.1674857765449,
        1048.0787344372904,
        743.9944631668694,
        1582.0676208249326,
        781.7701022161194,
        714.2025652858985,
        833.8682881784156,
        1095.8571636514655,
        1095.6587414000649,
        1263.7874085391327,
        899.8221691437245,
        1095.1535340642902,
        1119.6041300476786
      ]
    },
    "C_no_coupling": {
      "mean": 0.7884416436007365,
      "std": 0.052498517283815466,
      "ci95": [
        0.7709687871781642,
        0.8070918489294214
      ],
      "per_seed": [
        0.7872647344516178,
        0.9151392543966376,
        0.7211536676331475,
        0.760185229148061,
        0.8587426959981819,
        0.7960382042603931,
        0.8385847439278452,
        0.7632346453997322,
        0.8284058707858015,
        0.7797652141040834,
        0.7824611503964078,
        0.7934129412701509,
        0.77315233817144,
        0.7285990986388102,
        0.8051890021748335,
        0.9112008710710382,
        0.8199507184017113,
        0.791356514377159,
        0.7690758418000603,
        0.7924354920151849,
        0.7741027984836192,
        0.7945153488958526,
        0.817489137680227,
        0.7600846724275001,
        0.7055173171378735,
        0.72615755452656,
        0.7242972862591511,
        0.7090907843329488,
        0.8706277444692662,
        0.7560184353867985
      ]
    },
    "D_shuffle": {
      "mean": 1.131732350111684,
      "std": 0.08445834680343499,
      "ci95": [
        1.102886629196277,
        1.1616975126302602
      ],
      "per_seed": [
        1.1442155114701849,
        1.2347529158333361,
        1.1221198034438526,
        1.1983828379983072,
        1.3398677106096364,
        1.106101110708907,
        1.1488659674401522,
        1.1300518022468946,
        1.170104189974814,
        1.0981792082728528,
        1.309285392209282,
        1.0143541722423381,
        1.1420384949608389,
        1.0941453256203917,
        1.2339904354600606,
        1.173947394428808,
        1.0594455172327346,
        1.1390892914223831,
        1.1559816901065312,
        1.0283272642671317,
        1.2695476540501123,
        1.09446957755774,
        1.1225677143618655,
        1.1400755039122916,
        1.019746335509517,
        1.0616599134940519,
        1.0709233153888178,
        0.9594679714726327,
        1.0693513346824641,
        1.1009151469715968
      ]
    }
  },
  "gates": {
    "A_vs_B_pct": 0.9992334974216699,
    "A_vs_D_pct": 0.32149090622353294,
    "A_vs_C_pct": 0.026065280158328815,
    "gate_A_minus_B_ge_10pct": true,
    "gate_A_minus_D_ge_5pct": true,
    "gate_A_minus_C_ge_5pct": false
  }
}