{
  "n_curves": 33,
  "n_evaluated": 25,
  "n_skipped": 8,
  "median_log_rmse": 0.953504129997842,
  "p90_log_rmse": 1.9999951051223395,
  "elapsed_s": 48.60951018333435,
  "vs_z91f_run1_median": 4.234,
  "vs_z91f_run2_median": 2.402,
  "note": "true two-model validation (M1 = 130DNWFB, M2 = 130bulkNSRAM) with Sebastian's per-bias CSV overrides"
}