{
  "lambdas": {
    "lambda_0.0": {
      "aggregate": {
        "self": {
          "mean": 0.6383466525083625,
          "std": 0.04249477892748251,
          "n": 16
        },
        "daedalus": {
          "mean": 4.5975137137476665,
          "std": 2.2628747629187465,
          "n": 16
        },
        "sw_matched_ht": {
          "mean": 0.8076963744900448,
          "std": 0.13708335575412556,
          "n": 16
        },
        "shuffle_ht": {
          "mean": 5.764188804647448,
          "std": 2.6888815461945534,
          "n": 16
        }
      },
      "delta_hw": 3.959167061239304,
      "delta_sw": 0.1693497219816823,
      "delta_shuffle": 5.125842152139086,
      "z_hw_vs_sw": 1.6717153113637306,
      "verdict": "STRUCTURE_BOUND"
    },
    "lambda_1.0": {
      "aggregate": {
        "self": {
          "mean": 3.3470087385522422,
          "std": 0.4596771308469579,
          "n": 16
        },
        "daedalus": {
          "mean": 11.834260065140041,
          "std": 0.8417517372403421,
          "n": 16
        },
        "sw_matched_ht": {
          "mean": 3.9077452899247773,
          "std": 1.0935997380638296,
          "n": 16
        },
        "shuffle_ht": {
          "mean": 31.1838548370254,
          "std": 15.32691090075524,
          "n": 16
        }
      },
      "delta_hw": 8.4872513265878,
      "delta_sw": 0.5607365513725351,
      "delta_shuffle": 27.83684609847316,
      "z_hw_vs_sw": 5.743690875697301,
      "verdict": "CONSTITUTIVE"
    },
    "lambda_10.0": {
      "aggregate": {
        "self": {
          "mean": 5.62390631755536,
          "std": 0.6956253719737093,
          "n": 16
        },
        "daedalus": {
          "mean": 12.66642936134237,
          "std": 0.9005537758488115,
          "n": 16
        },
        "sw_matched_ht": {
          "mean": 5.296447597280222,
          "std": 1.601330316986534,
          "n": 16
        },
        "shuffle_ht": {
          "mean": 36.06922812244401,
          "std": 17.624912219191195,
          "n": 16
        }
      },
      "delta_hw": 7.0425230437870106,
      "delta_sw": -0.32745872027513734,
      "delta_shuffle": 30.44532180488865,
      "z_hw_vs_sw": 4.011557869051953,
      "verdict": "CONSTITUTIVE"
    }
  },
  "wall_s": 2.2670271396636963
}