{
  "stats": {
    "ikaros": {
      "ch_syscall_jitter": {
        "n": 80000,
        "mean": 0.268843475,
        "std": 0.09349868942891323,
        "min": 0.19,
        "max": 12.995,
        "p99_over_p50": 1.3791666666666669,
        "p99_99_over_p50": 12.48334166666585,
        "k1": 7501.545154871608,
        "k10": 80.79591434286445,
        "k100": 1.3708842295904435,
        "hill_p05": 35.248753324102296,
        "hill_p01": 7.708596836692736,
        "hill_p001": 1.1861009552464816,
        "dfa_hurst": 0.8113223548748041,
        "kl_gauss": 0.09230749270680529,
        "levy_alpha": 2.0
      },
      "ch_loop_jitter": {
        "n": 30000,
        "mean": 62.935017433333336,
        "std": 6.908372202253056,
        "min": 59.522,
        "max": 201.319,
        "p99_over_p50": 1.4142941003815674,
        "p99_99_over_p50": 3.070704368457091,
        "k1": 98.80720600039571,
        "k10": 35.54757073857346,
        "k100": 16.261733264310774,
        "hill_p05": 16.240071793490646,
        "hill_p01": 7.878328909591928,
        "hill_p001": 3.2123564250024,
        "dfa_hurst": 1.0018093690619287,
        "kl_gauss": 1.5862856639804754,
        "levy_alpha": 0.5226172029067726
      },
      "ch_atomic_burst": {
        "n": 1500,
        "mean": 4.294119072666667,
        "std": 0.5957618484545879,
        "min": 3.870543,
        "max": 10.385331,
        "p99_over_p50": 1.5173437953365012,
        "p99_99_over_p50": 2.004538991341254,
        "k1": 13.939325977339456,
        "k10": 5.679141071251831,
        "k100": 2.3451830729377,
        "hill_p05": 11.51272500391454,
        "hill_p01": 7.938946676060505,
        "hill_p001": 7.3602462963325,
        "dfa_hurst": 1.2315112919950995,
        "kl_gauss": 1.126736197940997,
        "levy_alpha": 1.2135255395276077
      },
      "ch_tsc_drift": {
        "n": 6000,
        "mean": 0.1289706548333333,
        "std": 0.14375031099612162,
        "min": 0.005387000000000697,
        "max": 0.9102599999999992,
        "p99_over_p50": 9.094853100229752,
        "p99_99_over_p50": 10.662357463516006,
        "k1": 6.464713047224135,
        "k10": 4.132778385252511,
        "k100": 3.2722213985442195,
        "hill_p05": 4.176698995691379,
        "hill_p01": 14.752405410919131,
        "hill_p001": 9.53518304027593,
        "dfa_hurst": 1.0431113442156166,
        "kl_gauss": 1.800357491441294,
        "levy_alpha": 0.5283040863365431
      }
    },
    "daedalus": {
      "ch_syscall_jitter": {
        "n": 80000,
        "mean": 0.23752517499999998,
        "std": 0.05336918063095381,
        "min": 0.21,
        "max": 8.636,
        "p99_over_p50": 1.0458333333333334,
        "p99_99_over_p50": 9.600112916655597,
        "k1": 12038.37068348682,
        "k10": 1256.6038896065786,
        "k100": 103.77529857338534,
        "hill_p05": 31.686451955492792,
        "hill_p01": 7.188648734556553,
        "hill_p001": 1.1833355011872604,
        "dfa_hurst": 0.7821478997779798,
        "kl_gauss": 0.23528392920029745,
        "levy_alpha": 2.0
      },
      "ch_loop_jitter": {
        "n": 40000,
        "mean": 62.72959142499999,
        "std": 3.861712773859738,
        "min": 60.873,
        "max": 190.875,
        "p99_over_p50": 1.0674439577428498,
        "p99_99_over_p50": 1.8088135950781452,
        "k1": 154.07106141490502,
        "k10": 137.55326356070972,
        "k100": 153.70411595068717,
        "hill_p05": 12.629606444139394,
        "hill_p01": 2.9543536028229354,
        "hill_p001": 23.471846700117347,
        "dfa_hurst": 1.1093899028470688,
        "kl_gauss": 0.8564370388431227,
        "levy_alpha": 1.9414008608847015
      },
      "ch_atomic_burst": {
        "n": 1500,
        "mean": 4.234069944,
        "std": 0.3124144226793948,
        "min": 3.832102,
        "max": 7.864927,
        "p99_over_p50": 1.1730784789200488,
        "p99_99_over_p50": 1.7753138913690205,
        "k1": 31.583477158318207,
        "k10": 3.14668762018492,
        "k100": 1.8809007238172584,
        "hill_p05": 16.619799865793055,
        "hill_p01": 6.432033996472228,
        "hill_p001": 4.653335161567422,
        "dfa_hurst": 1.2753408574658698,
        "kl_gauss": 0.2584006772576632,
        "levy_alpha": 2.0
      },
      "ch_tsc_drift": {
        "n": 6000,
        "mean": 0.5687114751666666,
        "std": 0.137402913176342,
        "min": 0.0534510000000008,
        "max": 1.3212550000000007,
        "p99_over_p50": 1.7945493218390218,
        "p99_99_over_p50": 2.1705654575452233,
        "k1": 8.306111957913545,
        "k10": 6.944197029833945,
        "k100": 2.2427777007353633,
        "hill_p05": 7.464204233016695,
        "hill_p01": 9.301553875562252,
        "hill_p001": 21.65028049429884,
        "dfa_hurst": 0.5812468441965641,
        "kl_gauss": 0.8125274752727244,
        "levy_alpha": 0.8692344873516379
      }
    }
  },
  "cross_device": {
    "ch_syscall_jitter": {
      "mean": {
        "a": 0.268843475,
        "b": 0.23752517499999998,
        "abs_diff": 0.03131830000000002,
        "rel_diff": 0.12369762622498975
      },
      "std": {
        "a": 0.09349868942891323,
        "b": 0.05336918063095381,
        "abs_diff": 0.04012950879795942,
        "rel_diff": 0.5464709031465514
      },
      "min": {
        "a": 0.19,
        "b": 0.21,
        "abs_diff": 0.01999999999999999,
        "rel_diff": 0.09999999999949995
      },
      "max": {
        "a": 12.995,
        "b": 8.636,
        "abs_diff": 4.359,
        "rel_diff": 0.40303268457302915
      },
      "p99_over_p50": {
        "a": 1.3791666666666669,
        "b": 1.0458333333333334,
        "abs_diff": 0.3333333333333335,
        "rel_diff": 0.27491408934685235
      },
      "p99_99_over_p50": {
        "a": 12.48334166666585,
        "b": 9.600112916655597,
        "abs_diff": 2.883228750010254,
        "rel_diff": 0.2611211700716023
      },
      "k1": {
        "a": 7501.545154871608,
        "b": 12038.37068348682,
        "abs_diff": 4536.8255286152125,
        "rel_diff": 0.46436489963882627
      },
      "k10": {
        "a": 80.79591434286445,
        "b": 1256.6038896065786,
        "abs_diff": 1175.807975263714,
        "rel_diff": 1.7583492562081466
      },
      "k100": {
        "a": 1.3708842295904435,
        "b": 103.77529857338534,
        "abs_diff": 102.4044143437949,
        "rel_diff": 1.9478484451628568
      },
      "hill_p05": {
        "a": 35.248753324102296,
        "b": 31.686451955492792,
        "abs_diff": 3.5623013686095035,
        "rel_diff": 0.10644029113616087
      },
      "hill_p01": {
        "a": 7.708596836692736,
        "b": 7.188648734556553,
        "abs_diff": 0.5199481021361834,
        "rel_diff": 0.06980459570856232
      },
      "hill_p001": {
        "a": 1.1861009552464816,
        "b": 1.1833355011872604,
        "abs_diff": 0.0027654540592212395,
        "rel_diff": 0.0023342715536513797
      },
      "dfa_hurst": {
        "a": 0.8113223548748041,
        "b": 0.7821478997779798,
        "abs_diff": 0.02917445509682426,
        "rel_diff": 0.03661750824855496
      },
      "kl_gauss": {
        "a": 0.09230749270680529,
        "b": 0.23528392920029745,
        "abs_diff": 0.14297643649349218,
        "rel_diff": 0.8728948741103731
      },
      "levy_alpha": {
        "a": 2.0,
        "b": 2.0,
        "abs_diff": 0.0,
        "rel_diff": 0.0
      }
    },
    "ch_loop_jitter": {
      "mean": {
        "a": 62.935017433333336,
        "b": 62.72959142499999,
        "abs_diff": 0.20542600833334745,
        "rel_diff": 0.0032694329803696605
      },
      "std": {
        "a": 6.908372202253056,
        "b": 3.861712773859738,
        "abs_diff": 3.046659428393318,
        "rel_diff": 0.5657633036600926
      },
      "min": {
        "a": 59.522,
        "b": 60.873,
        "abs_diff": 1.350999999999999,
        "rel_diff": 0.02244279247477016
      },
      "max": {
        "a": 201.319,