{
  "n_total": 100000,
  "n_valid": 100000,
  "n_converged": 94603,
  "conv_rate": 0.94603,
  "wall_s": 87.85278463363647,
  "seed": 20260514,
  "axes": {
    "V_Nwell": [
      0.5,
      1.0,
      1.5,
      2.0,
      2.5,
      3.0,
      3.5,
      4.0,
      4.5,
      5.0
    ],
    "V_d": [
      0.5,
      0.7222222222222222,
      0.9444444444444444,
      1.1666666666666665,
      1.3888888888888888,
      1.6111111111111112,
      1.8333333333333333,
      2.0555555555555554,
      2.2777777777777777,
      2.5
    ],
    "V_G1_range": [
      0.1,
      0.7
    ],
    "V_G2_range": [
      0.0,
      0.7
    ],
    "V_b_range": [
      0.0,
      1.0
    ]
  },
  "shape": {
    "N_VNWELL": 10,
    "N_CELLS": 1000,
    "N_VD": 10
  },
  "body_pdiode_to": "vnwell",
  "torch": "2.9.1+rocm7.1.1.git351ff442",
  "device": "cuda"
}